,Country,variable,value
0,Afghanistan,2000,
1,Albania,2000,0.669
2,Algeria,2000,0.644
3,Andorra,2000,0.759
4,Angola,2000,0.387
5,Antigua and Barbuda,2000,
6,Argentina,2000,0.7709999999999999
7,Armenia,2000,0.647
8,Australia,2000,0.898
9,Austria,2000,0.838
10,Azerbaijan,2000,0.64
11,Bahamas,2000,0.7759999999999999
12,Bahrain,2000,0.792
13,Bangladesh,2000,0.46799999999999997
14,Barbados,2000,0.752
15,Belarus,2000,0.6829999999999999
16,Belgium,2000,0.873
17,Belize,2000,0.677
18,Benin,2000,0.39799999999999996
19,Bhutan,2000,
20,Bolivia (Plurinational State of),2000,0.608
21,Bosnia and Herzegovina,2000,0.672
22,Botswana,2000,0.565
23,Brazil,2000,0.684
24,Brunei Darussalam,2000,0.8190000000000001
25,Bulgaria,2000,0.7120000000000001
26,Burkina Faso,2000,0.28600000000000003
27,Burundi,2000,0.303
28,Cabo Verde,2000,0.57
29,Cambodia,2000,0.42
30,Cameroon,2000,0.431
31,Canada,2000,0.867
32,Central African Republic,2000,0.309
33,Chad,2000,0.299
34,Chile,2000,0.759
35,China,2000,0.594
36,Colombia,2000,0.653
37,Comoros,2000,
38,Congo,2000,0.49
39,Congo (Democratic Republic of the),2000,0.33299999999999996
40,Costa Rica,2000,0.711
41,Croatia,2000,0.75
42,Cuba,2000,0.6859999999999999
43,Cyprus,2000,0.802
44,Czechia,2000,0.7959999999999999
45,Côte d'Ivoire,2000,0.39399999999999996
46,Denmark,2000,0.863
47,Djibouti,2000,0.363
48,Dominica,2000,0.693
49,Dominican Republic,2000,0.657
50,Ecuador,2000,0.67
51,Egypt,2000,0.611
52,El Salvador,2000,0.615
53,Equatorial Guinea,2000,0.516
54,Eritrea,2000,
55,Estonia,2000,0.78
56,Eswatini (Kingdom of),2000,0.47100000000000003
57,Ethiopia,2000,0.28300000000000003
58,Fiji,2000,0.6829999999999999
59,Finland,2000,0.858
60,France,2000,0.8490000000000001
61,Gabon,2000,0.633
62,Gambia,2000,0.385
63,Georgia,2000,0.6729999999999999
64,Germany,2000,0.868
65,Ghana,2000,0.484
66,Greece,2000,0.7959999999999999
67,Grenada,2000,
68,Guatemala,2000,0.546
69,Guinea,2000,0.32899999999999996
70,Guinea-Bissau,2000,
71,Guyana,2000,0.604
72,Haiti,2000,0.442
73,Honduras,2000,0.5539999999999999
74,"Hong Kong, China (SAR)",2000,0.8270000000000001
75,Hungary,2000,0.769
76,Iceland,2000,0.86
77,India,2000,0.493
78,Indonesia,2000,0.606
79,Iran (Islamic Republic of),2000,0.67
80,Iraq,2000,0.607
81,Ireland,2000,0.857
82,Israel,2000,0.853
83,Italy,2000,0.83
84,Jamaica,2000,0.662
85,Japan,2000,0.855
86,Jordan,2000,0.7020000000000001
87,Kazakhstan,2000,0.685
88,Kenya,2000,0.451
89,Kiribati,2000,0.552
90,Korea (Republic of),2000,0.8170000000000001
91,Kuwait,2000,0.7859999999999999
92,Kyrgyzstan,2000,0.594
93,Lao People's Democratic Republic,2000,0.466
94,Latvia,2000,0.728
95,Lebanon,2000,
96,Lesotho,2000,0.467
97,Liberia,2000,0.387
98,Libya,2000,0.727
99,Liechtenstein,2000,0.862
100,Lithuania,2000,0.7559999999999999
101,Luxembourg,2000,0.855
102,Madagascar,2000,0.456
103,Malawi,2000,0.39899999999999997
104,Malaysia,2000,0.725
105,Maldives,2000,0.606
106,Mali,2000,0.308
107,Malta,2000,0.7829999999999999
108,Marshall Islands,2000,
109,Mauritania,2000,0.442
110,Mauritius,2000,0.6729999999999999
111,Mexico,2000,0.7020000000000001
112,Micronesia (Federated States of),2000,0.552
113,Moldova (Republic of),2000,0.597
114,Mongolia,2000,0.589
115,Montenegro,2000,
116,Morocco,2000,0.53
117,Mozambique,2000,0.298
118,Myanmar,2000,0.431
119,Namibia,2000,0.5579999999999999
120,Nepal,2000,0.446
121,Netherlands,2000,0.8759999999999999
122,New Zealand,2000,0.8690000000000001
123,Nicaragua,2000,0.57
124,Niger,2000,0.252
125,Nigeria,2000,
126,Norway,2000,0.917
127,Oman,2000,0.7040000000000001
128,Pakistan,2000,0.45
129,Palau,2000,0.743
130,"Palestine, State of",2000,
131,Panama,2000,0.7190000000000001
132,Papua New Guinea,2000,0.449
133,Paraguay,2000,0.624
134,Peru,2000,0.6779999999999999
135,Philippines,2000,0.624
136,Poland,2000,0.785
137,Portugal,2000,0.785
138,Qatar,2000,0.81
139,Romania,2000,0.7090000000000001
140,Russian Federation,2000,0.72
141,Rwanda,2000,0.335
142,Saint Kitts and Nevis,2000,
143,Saint Lucia,2000,0.69
144,Saint Vincent and the Grenadines,2000,0.6729999999999999
145,Samoa,2000,0.647
146,Sao Tome and Principe,2000,0.49
147,Saudi Arabia,2000,0.743
148,Senegal,2000,0.38
149,Serbia,2000,0.711
150,Seychelles,2000,0.718
151,Sierra Leone,2000,0.284
152,Singapore,2000,0.8190000000000001
153,Slovakia,2000,0.764
154,Slovenia,2000,0.825
155,Solomon Islands,2000,0.45
156,South Africa,2000,0.63
157,South Sudan,2000,
158,Spain,2000,0.825
159,Sri Lanka,2000,0.685
160,Sudan,2000,0.402
161,Suriname,2000,
162,Sweden,2000,0.897
163,Switzerland,2000,0.889
164,Syrian Arab Republic,2000,0.59
165,Tajikistan,2000,0.55
166,Tanzania (United Republic of),2000,0.395
167,Thailand,2000,0.649
168,The former Yugoslav Republic of Macedonia,2000,0.669
169,Timor-Leste,2000,0.507
170,Togo,2000,0.425
171,Tonga,2000,0.6729999999999999
172,Trinidad and Tobago,2000,0.716
173,Tunisia,2000,0.653
174,Turkey,2000,0.655
175,Turkmenistan,2000,
176,Uganda,2000,0.39799999999999996
177,Ukraine,2000,0.6709999999999999
178,United Arab Emirates,2000,0.7979999999999999
179,United Kingdom,2000,0.867
180,United States,2000,0.885
181,Uruguay,2000,0.742
182,Uzbekistan,2000,0.595
183,Vanuatu,2000,
184,Venezuela (Bolivarian Republic of),2000,0.672
185,Viet Nam,2000,0.579
186,Yemen,2000,0.44299999999999995
187,Zambia,2000,0.43200000000000005
188,Zimbabwe,2000,0.44
189,Afghanistan,2001,
190,Albania,2001,0.6759999999999999
191,Algeria,2001,0.653
192,Andorra,2001,0.767
193,Angola,2001,0.401
194,Antigua and Barbuda,2001,
195,Argentina,2001,0.7759999999999999
196,Armenia,2001,0.652
197,Australia,2001,0.9
198,Austria,2001,0.8490000000000001
199,Azerbaijan,2001,0.648
200,Bahamas,2001,0.779
201,Bahrain,2001,0.792
202,Bangladesh,2001,0.47700000000000004
203,Barbados,2001,0.7509999999999999
204,Belarus,2001,0.6890000000000001
205,Belgium,2001,0.8759999999999999
206,Belize,2001,0.679
207,Benin,2001,0.41
208,Bhutan,2001,
209,Bolivia (Plurinational State of),2001,0.611
210,Bosnia and Herzegovina,2001,0.677
211,Botswana,2001,0.5670000000000001
212,Brazil,2001,0.691
213,Brunei Darussalam,2001,0.82
214,Bulgaria,2001,0.722
215,Burkina Faso,2001,0.29
216,Burundi,2001,0.302
217,Cabo Verde,2001,0.575
218,Cambodia,2001,0.434
219,Cameroon,2001,0.44799999999999995
220,Canada,2001,0.872
221,Central African Republic,2001,0.311
222,Chad,2001,0.306
223,Chile,2001,0.7659999999999999
224,China,2001,0.602
225,Colombia,2001,0.6559999999999999
226,Comoros,2001,
227,Congo,2001,0.495
228,Congo (Democratic Republic of the),2001,0.33299999999999996
229,Costa Rica,2001,0.7140000000000001
230,Croatia,2001,0.759
231,Cuba,2001,0.6920000000000001
232,Cyprus,2001,0.807
233,Czechia,2001,0.8059999999999999
234,Côte d'Ivoire,2001,0.396
235,Denmark,2001,0.8759999999999999
236,Djibouti,2001,0.37200000000000005
237,Dominica,2001,0.6970000000000001
238,Dominican Republic,2001,0.66
239,Ecuador,2001,0.675
240,Egypt,2001,0.616
241,El Salvador,2001,0.62
242,Equatorial Guinea,2001,0.532
243,Eritrea,2001,
244,Estonia,2001,0.79
245,Eswatini (Kingdom of),2001,0.46399999999999997
246,Ethiopia,2001,0.298
247,Fiji,2001,0.687
248,Finland,2001,0.8640000000000001
249,France,2001,0.851
250,Gabon,2001,0.636
251,Gambia,2001,0.39299999999999996
252,Georgia,2001,0.6779999999999999
253,Germany,2001,0.877
254,Ghana,2001,0.483
255,Greece,2001,0.8059999999999999
256,Grenada,2001,
257,Guatemala,2001,0.5539999999999999
258,Guinea,2001,0.336
259,Guinea-Bissau,2001,
260,Guyana,2001,0.607
261,Haiti,2001,0.444
262,Honduras,2001,0.5589999999999999
263,"Hong Kong, China (SAR)",2001,0.835
264,Hungary,2001,0.777
265,Iceland,2001,0.866
266,India,2001,0.498
267,Indonesia,2001,0.612
268,Iran (Islamic Republic of),2001,0.6779999999999999
269,Iraq,2001,0.614
270,Ireland,2001,0.863
271,Israel,2001,0.857
272,Italy,2001,0.8370000000000001
273,Jamaica,2001,0.6729999999999999
274,Japan,2001,0.8590000000000001
275,Jordan,2001,0.708
276,Kazakhstan,2001,0.7
277,Kenya,2001,0.456
278,Kiribati,2001,0.5670000000000001
279,Korea (Republic of),2001,0.8240000000000001
280,Kuwait,2001,0.7859999999999999
281,Kyrgyzstan,2001,0.602
282,Lao People's Democratic Republic,2001,0.47200000000000003
283,Latvia,2001,0.745
284,Lebanon,2001,
285,Lesotho,2001,0.461
286,Liberia,2001,0.377
287,Libya,2001,0.731
288,Liechtenstein,2001,0.868
289,Lithuania,2001,0.768
290,Luxembourg,2001,0.861
291,Madagascar,2001,0.462
292,Malawi,2001,0.4
293,Malaysia,2001,0.723
294,Maldives,2001,0.61
295,Mali,2001,0.321
296,Malta,2001,0.7879999999999999
297,Marshall Islands,2001,
298,Mauritania,2001,0.442
299,Mauritius,2001,0.682
300,Mexico,2001,0.705
301,Micronesia (Federated States of),2001,0.5579999999999999
302,Moldova (Republic of),2001,0.607
303,Mongolia,2001,0.6
304,Montenegro,2001,
305,Morocco,2001,0.541
306,Mozambique,2001,0.311
307,Myanmar,2001,0.44
308,Namibia,2001,0.557
309,Nepal,2001,0.447
310,Netherlands,2001,0.879
311,New Zealand,2001,0.873
312,Nicaragua,2001,0.5770000000000001
313,Niger,2001,0.258
314,Nigeria,2001,
315,Norway,2001,0.9159999999999999
316,Oman,2001,0.716
317,Pakistan,2001,0.457
318,Palau,2001,0.747
319,"Palestine, State of",2001,
320,Panama,2001,0.722
321,Papua New Guinea,2001,0.456
322,Paraguay,2001,0.632
323,Peru,2001,0.6859999999999999
324,Philippines,2001,0.628
325,Poland,2001,0.7909999999999999
326,Portugal,2001,0.79
327,Qatar,2001,0.8109999999999999
328,Romania,2001,0.715
329,Russian Federation,2001,0.727
330,Rwanda,2001,0.345
331,Saint Kitts and Nevis,2001,
332,Saint Lucia,2001,0.687
333,Saint Vincent and the Grenadines,2001,0.677
334,Samoa,2001,0.654
335,Sao Tome and Principe,2001,0.496
336,Saudi Arabia,2001,0.746
337,Senegal,2001,0.395
338,Serbia,2001,0.716
339,Seychelles,2001,0.7140000000000001
340,Sierra Leone,2001,0.299
341,Singapore,2001,0.8220000000000001
342,Slovakia,2001,0.764
343,Slovenia,2001,0.835
344,Solomon Islands,2001,0.455
345,South Africa,2001,0.61
346,South Sudan,2001,
347,Spain,2001,0.828
348,Sri Lanka,2001,0.691
349,Sudan,2001,0.408
350,Suriname,2001,
351,Sweden,2001,0.9
352,Switzerland,2001,0.8909999999999999
353,Syrian Arab Republic,2001,0.597
354,Tajikistan,2001,0.5579999999999999
355,Tanzania (United Republic of),2001,0.40299999999999997
356,Thailand,2001,0.657
357,The former Yugoslav Republic of Macedonia,2001,0.6729999999999999
358,Timor-Leste,2001,0.513
359,Togo,2001,0.426
360,Tonga,2001,0.677
361,Trinidad and Tobago,2001,0.721
362,Tunisia,2001,0.6609999999999999
363,Turkey,2001,0.662
364,Turkmenistan,2001,
365,Uganda,2001,0.406
366,Ukraine,2001,0.6809999999999999
367,United Arab Emirates,2001,0.8029999999999999
368,United Kingdom,2001,0.871
369,United States,2001,0.887
370,Uruguay,2001,0.746
371,Uzbekistan,2001,0.602
372,Vanuatu,2001,
373,Venezuela (Bolivarian Republic of),2001,0.68
374,Viet Nam,2001,0.5870000000000001
375,Yemen,2001,0.45
376,Zambia,2001,0.44
377,Zimbabwe,2001,0.442
378,Afghanistan,2002,0.373
379,Albania,2002,0.682
380,Algeria,2002,0.664
381,Andorra,2002,0.78
382,Angola,2002,0.418
383,Antigua and Barbuda,2002,
384,Argentina,2002,0.769
385,Armenia,2002,0.6629999999999999
386,Australia,2002,0.903
387,Austria,2002,0.838
388,Azerbaijan,2002,0.657
389,Bahamas,2002,0.7809999999999999
390,Bahrain,2002,0.7909999999999999
391,Bangladesh,2002,0.483
392,Barbados,2002,0.754
393,Belarus,2002,0.696
394,Belgium,2002,0.879
395,Belize,2002,0.685
396,Benin,2002,0.419
397,Bhutan,2002,
398,Bolivia (Plurinational State of),2002,0.617
399,Bosnia and Herzegovina,2002,0.6829999999999999
400,Botswana,2002,0.5660000000000001
401,Brazil,2002,0.698
402,Brunei Darussalam,2002,0.823
403,Bulgaria,2002,0.7290000000000001
404,Burkina Faso,2002,0.29600000000000004
405,Burundi,2002,0.31
406,Cabo Verde,2002,0.585
407,Cambodia,2002,0.45299999999999996
408,Cameroon,2002,0.451
409,Canada,2002,0.877
410,Central African Republic,2002,0.312
411,Chad,2002,0.311
412,Chile,2002,0.768
413,China,2002,0.611
414,Colombia,2002,0.6579999999999999
415,Comoros,2002,
416,Congo,2002,0.49700000000000005
417,Congo (Democratic Republic of the),2002,0.34
418,Costa Rica,2002,0.7170000000000001
419,Croatia,2002,0.7659999999999999
420,Cuba,2002,0.6940000000000001
421,Cyprus,2002,0.816
422,Czechia,2002,0.813
423,Côte d'Ivoire,2002,0.39899999999999997
424,Denmark,2002,0.883
425,Djibouti,2002,0.37799999999999995
426,Dominica,2002,0.696
427,Dominican Republic,2002,0.664
428,Ecuador,2002,0.679
429,Egypt,2002,0.62
430,El Salvador,2002,0.628
431,Equatorial Guinea,2002,0.525
432,Eritrea,2002,
433,Estonia,2002,0.799
434,Eswatini (Kingdom of),2002,0.455
435,Ethiopia,2002,0.306
436,Fiji,2002,0.6890000000000001
437,Finland,2002,0.867
438,France,2002,0.853
439,Gabon,2002,0.639
440,Gambia,2002,0.397
441,Georgia,2002,0.684
442,Germany,2002,0.883
443,Ghana,2002,0.489
444,Greece,2002,0.818
445,Grenada,2002,0.7020000000000001
446,Guatemala,2002,0.56
447,Guinea,2002,0.345
448,Guinea-Bissau,2002,
449,Guyana,2002,0.609
450,Haiti,2002,0.446
451,Honduras,2002,0.563
452,"Hong Kong, China (SAR)",2002,0.8420000000000001
453,Hungary,2002,0.784
454,Iceland,2002,0.875
455,India,2002,0.504
456,Indonesia,2002,0.618
457,Iran (Islamic Republic of),2002,0.6829999999999999
458,Iraq,2002,0.616
459,Ireland,2002,0.871
460,Israel,2002,0.865
461,Italy,2002,0.8420000000000001
462,Jamaica,2002,0.677
463,Japan,2002,0.862
464,Jordan,2002,0.713
465,Kazakhstan,2002,0.713
466,Kenya,2002,0.456
467,Kiribati,2002,0.5660000000000001
468,Korea (Republic of),2002,0.8320000000000001
469,Kuwait,2002,0.7879999999999999
470,Kyrgyzstan,2002,0.604
471,Lao People's Democratic Republic,2002,0.48
472,Latvia,2002,0.76
473,Lebanon,2002,
474,Lesotho,2002,0.45799999999999996
475,Liberia,2002,0.374
476,Libya,2002,0.735
477,Liechtenstein,2002,0.873
478,Lithuania,2002,0.779
479,Luxembourg,2002,0.863
480,Madagascar,2002,0.457
481,Malawi,2002,0.37
482,Malaysia,2002,0.725
483,Maldives,2002,0.615
484,Mali,2002,0.33
485,Malta,2002,0.792
486,Marshall Islands,2002,
487,Mauritania,2002,0.449
488,Mauritius,2002,0.687
489,Mexico,2002,0.71
490,Micronesia (Federated States of),2002,0.564
491,Moldova (Republic of),2002,0.617
492,Mongolia,2002,0.609
493,Montenegro,2002,
494,Morocco,2002,0.552
495,Mozambique,2002,0.318
496,Myanmar,2002,0.449
497,Namibia,2002,0.5539999999999999
498,Nepal,2002,0.457
499,Netherlands,2002,0.878
500,New Zealand,2002,0.8809999999999999
501,Nicaragua,2002,0.583
502,Niger,2002,0.263
503,Nigeria,2002,
504,Norway,2002,0.9179999999999999
505,Oman,2002,0.725
506,Pakistan,2002,0.465
507,Palau,2002,0.7509999999999999
508,"Palestine, State of",2002,
509,Panama,2002,0.728
510,Papua New Guinea,2002,0.462
511,Paraguay,2002,0.642
512,Peru,2002,0.687
513,Philippines,2002,0.633
514,Poland,2002,0.799
515,Portugal,2002,0.792
516,Qatar,2002,0.816
517,Romania,2002,0.7240000000000001
518,Russian Federation,2002,0.732
519,Rwanda,2002,0.361
520,Saint Kitts and Nevis,2002,
521,Saint Lucia,2002,0.6890000000000001
522,Saint Vincent and the Grenadines,2002,0.682
523,Samoa,2002,0.659
524,Sao Tome and Principe,2002,0.499
525,Saudi Arabia,2002,0.748
526,Senegal,2002,0.4
527,Serbia,2002,0.72
528,Seychelles,2002,0.716
529,Sierra Leone,2002,0.315
530,Singapore,2002,0.83
531,Slovakia,2002,0.7709999999999999
532,Slovenia,2002,0.843
533,Solomon Islands,2002,0.462
534,South Africa,2002,0.617
535,South Sudan,2002,
536,Spain,2002,0.83
537,Sri Lanka,2002,0.6970000000000001
538,Sudan,2002,0.414
539,Suriname,2002,
540,Sweden,2002,0.902
541,Switzerland,2002,0.8909999999999999
542,Syrian Arab Republic,2002,0.6
543,Tajikistan,2002,0.568
544,Tanzania (United Republic of),2002,0.413
545,Thailand,2002,0.6659999999999999
546,The former Yugoslav Republic of Macedonia,2002,0.679
547,Timor-Leste,2002,0.523
548,Togo,2002,0.42700000000000005
549,Tonga,2002,0.6829999999999999
550,Trinidad and Tobago,2002,0.728
551,Tunisia,2002,0.6659999999999999
552,Turkey,2002,0.672
553,Turkmenistan,2002,
554,Uganda,2002,0.42100000000000004
555,Ukraine,2002,0.6890000000000001
556,United Arab Emirates,2002,0.8079999999999999
557,United Kingdom,2002,0.8740000000000001
558,United States,2002,0.889
559,Uruguay,2002,0.747
560,Uzbekistan,2002,0.609
561,Vanuatu,2002,
562,Venezuela (Bolivarian Republic of),2002,0.688
563,Viet Nam,2002,0.595
564,Yemen,2002,0.456
565,Zambia,2002,0.449
566,Zimbabwe,2002,0.435
567,Afghanistan,2003,0.38299999999999995
568,Albania,2003,0.6890000000000001
569,Algeria,2003,0.674
570,Andorra,2003,0.82
571,Angola,2003,0.429
572,Antigua and Barbuda,2003,
573,Argentina,2003,0.775
574,Armenia,2003,0.672
575,Australia,2003,0.904
576,Austria,2003,0.8420000000000001
577,Azerbaijan,2003,0.6659999999999999
578,Bahamas,2003,0.782
579,Bahrain,2003,0.7929999999999999
580,Bangladesh,2003,0.49
581,Barbados,2003,0.759
582,Belarus,2003,0.705
583,Belgium,2003,0.882
584,Belize,2003,0.6920000000000001
585,Benin,2003,0.426
586,Bhutan,2003,
587,Bolivia (Plurinational State of),2003,0.621
588,Bosnia and Herzegovina,2003,0.688
589,Botswana,2003,0.575
590,Brazil,2003,0.695
591,Brunei Darussalam,2003,0.828
592,Bulgaria,2003,0.738
593,Burkina Faso,2003,0.303
594,Burundi,2003,0.316
595,Cabo Verde,2003,0.589
596,Cambodia,2003,0.466
597,Cameroon,2003,0.45799999999999996
598,Canada,2003,0.882
599,Central African Republic,2003,0.311
600,Chad,2003,0.309
601,Chile,2003,0.774
602,China,2003,0.623
603,Colombia,2003,0.657
604,Comoros,2003,
605,Congo,2003,0.498
606,Congo (Democratic Republic of the),2003,0.349
607,Costa Rica,2003,0.721
608,Croatia,2003,0.7709999999999999
609,Cuba,2003,0.7040000000000001
610,Cyprus,2003,0.8240000000000001
611,Czechia,2003,0.8220000000000001
612,Côte d'Ivoire,2003,0.402
613,Denmark,2003,0.894
614,Djibouti,2003,0.38799999999999996
615,Dominica,2003,0.7020000000000001
616,Dominican Republic,2003,0.6659999999999999
617,Ecuador,2003,0.682
618,Egypt,2003,0.622
619,El Salvador,2003,0.635
620,Equatorial Guinea,2003,0.539
621,Eritrea,2003,
622,Estonia,2003,0.8059999999999999
623,Eswatini (Kingdom of),2003,0.45399999999999996
624,Ethiopia,2003,0.31
625,Fiji,2003,0.691
626,Finland,2003,0.87
627,France,2003,0.857
628,Gabon,2003,0.6409999999999999
629,Gambia,2003,0.40299999999999997
630,Georgia,2003,0.693
631,Germany,2003,0.889
632,Ghana,2003,0.49
633,Greece,2003,0.825
634,Grenada,2003,0.711
635,Guatemala,2003,0.564
636,Guinea,2003,0.336
637,Guinea-Bissau,2003,
638,Guyana,2003,0.605
639,Haiti,2003,0.449
640,Honduras,2003,0.568
641,"Hong Kong, China (SAR)",2003,0.851
642,Hungary,2003,0.792
643,Iceland,2003,0.8809999999999999
644,India,2003,0.517
645,Indonesia,2003,0.624
646,Iran (Islamic Republic of),2003,0.6890000000000001
647,Iraq,2003,0.603
648,Ireland,2003,0.88
649,Israel,2003,0.865
650,Italy,2003,0.847
651,Jamaica,2003,0.6729999999999999
652,Japan,2003,0.865
653,Jordan,2003,0.7190000000000001
654,Kazakhstan,2003,0.725
655,Kenya,2003,0.46799999999999997
656,Kiribati,2003,0.57
657,Korea (Republic of),2003,0.8390000000000001
658,Kuwait,2003,0.7909999999999999
659,Kyrgyzstan,2003,0.611
660,Lao People's Democratic Republic,2003,0.489
661,Latvia,2003,0.774
662,Lebanon,2003,
663,Lesotho,2003,0.46
664,Liberia,2003,0.335
665,Libya,2003,0.743
666,Liechtenstein,2003,0.878
667,Lithuania,2003,0.7909999999999999
668,Luxembourg,2003,0.8640000000000001
669,Madagascar,2003,0.466
670,Malawi,2003,0.374
671,Malaysia,2003,0.731
672,Maldives,2003,0.63
673,Mali,2003,0.34299999999999997
674,Malta,2003,0.8
675,Marshall Islands,2003,
676,Mauritania,2003,0.451
677,Mauritius,2003,0.695
678,Mexico,2003,0.7170000000000001
679,Micronesia (Federated States of),2003,0.57
680,Moldova (Republic of),2003,0.63
681,Mongolia,2003,0.622
682,Montenegro,2003,0.741
683,Morocco,2003,0.563
684,Mozambique,2003,0.33299999999999996
685,Myanmar,2003,0.45899999999999996
686,Namibia,2003,0.556
687,Nepal,2003,0.462
688,Netherlands,2003,0.883
689,New Zealand,2003,0.884
690,Nicaragua,2003,0.5870000000000001
691,Niger,2003,0.266
692,Nigeria,2003,0.44299999999999995
693,Norway,2003,0.924
694,Oman,2003,0.736
695,Pakistan,2003,0.473
696,Palau,2003,0.754
697,"Palestine, State of",2003,
698,Panama,2003,0.73
699,Papua New Guinea,2003,0.469
700,Paraguay,2003,0.64
701,Peru,2003,0.6859999999999999
702,Philippines,2003,0.637
703,Poland,2003,0.804
704,Portugal,2003,0.7959999999999999
705,Qatar,2003,0.823
706,Romania,2003,0.7340000000000001
707,Russian Federation,2003,0.74
708,Rwanda,2003,0.374
709,Saint Kitts and Nevis,2003,
710,Saint Lucia,2003,0.6920000000000001
711,Saint Vincent and the Grenadines,2003,0.6890000000000001
712,Samoa,2003,0.6629999999999999
713,Sao Tome and Principe,2003,0.505
714,Saudi Arabia,2003,0.7559999999999999
715,Senegal,2003,0.40700000000000003
716,Serbia,2003,0.726
717,Seychelles,2003,0.7170000000000001
718,Sierra Leone,2003,0.325
719,Singapore,2003,0.838
720,Slovakia,2003,0.777
721,Slovenia,2003,0.85
722,Solomon Islands,2003,0.469
723,South Africa,2003,0.615
724,South Sudan,2003,
725,Spain,2003,0.833
726,Sri Lanka,2003,0.705
727,Sudan,2003,0.42
728,Suriname,2003,
729,Sweden,2003,0.9079999999999999
730,Switzerland,2003,0.8959999999999999
731,Syrian Arab Republic,2003,0.61
732,Tajikistan,2003,0.578
733,Tanzania (United Republic of),2003,0.423
734,Thailand,2003,0.674
735,The former Yugoslav Republic of Macedonia,2003,0.6859999999999999
736,Timor-Leste,2003,0.525
737,Togo,2003,0.431
738,Tonga,2003,0.6920000000000001
739,Trinidad and Tobago,2003,0.737
740,Tunisia,2003,0.6729999999999999
741,Turkey,2003,0.679
742,Turkmenistan,2003,
743,Uganda,2003,0.43
744,Ukraine,2003,0.6990000000000001
745,United Arab Emirates,2003,0.813
746,United Kingdom,2003,0.878
747,United States,2003,0.893
748,Uruguay,2003,0.75
749,Uzbekistan,2003,0.614
750,Vanuatu,2003,
751,Venezuela (Bolivarian Republic of),2003,0.687
752,Viet Nam,2003,0.603
753,Yemen,2003,0.46299999999999997
754,Zambia,2003,0.46
755,Zimbabwe,2003,0.428
756,Afghanistan,2004,0.39799999999999996
757,Albania,2004,0.6940000000000001
758,Algeria,2004,0.684
759,Andorra,2004,0.826
760,Angola,2004,0.442
761,Antigua and Barbuda,2004,
762,Argentina,2004,0.78
763,Armenia,2004,0.68
764,Australia,2004,0.907
765,Austria,2004,0.8490000000000001
766,Azerbaijan,2004,0.674
767,Bahamas,2004,0.784
768,Bahrain,2004,0.792
769,Bangladesh,2004,0.49700000000000005
770,Barbados,2004,0.762
771,Belarus,2004,0.715
772,Belgium,2004,0.885
773,Belize,2004,0.696
774,Benin,2004,0.434
775,Bhutan,2004,
776,Bolivia (Plurinational State of),2004,0.622
777,Bosnia and Herzegovina,2004,0.6940000000000001
778,Botswana,2004,0.584
779,Brazil,2004,0.698
780,Brunei Darussalam,2004,0.8340000000000001
781,Bulgaria,2004,0.745
782,Burkina Faso,2004,0.312
783,Burundi,2004,0.324
784,Cabo Verde,2004,0.5920000000000001
785,Cambodia,2004,0.478
786,Cameroon,2004,0.46399999999999997
787,Canada,2004,0.887
788,Central African Republic,2004,0.315
789,Chad,2004,0.32299999999999995
790,Chile,2004,0.7829999999999999
791,China,2004,0.635
792,Colombia,2004,0.6709999999999999
793,Comoros,2004,0.449
794,Congo,2004,0.501
795,Congo (Democratic Republic of the),2004,0.35700000000000004
796,Costa Rica,2004,0.725
797,Croatia,2004,0.778
798,Cuba,2004,0.718
799,Cyprus,2004,0.828
800,Czechia,2004,0.825
801,Côte d'Ivoire,2004,0.40700000000000003
802,Denmark,2004,0.898
803,Djibouti,2004,0.396
804,Dominica,2004,0.7040000000000001
805,Dominican Republic,2004,0.6679999999999999
806,Ecuador,2004,0.688
807,Egypt,2004,0.628
808,El Salvador,2004,0.643
809,Equatorial Guinea,2004,0.53
810,Eritrea,2004,
811,Estonia,2004,0.8140000000000001
812,Eswatini (Kingdom of),2004,0.465
813,Ethiopia,2004,0.325
814,Fiji,2004,0.6990000000000001
815,Finland,2004,0.8909999999999999
816,France,2004,0.86
817,Gabon,2004,0.6409999999999999
818,Gambia,2004,0.41200000000000003
819,Georgia,2004,0.701
820,Germany,2004,0.897
821,Ghana,2004,0.498
822,Greece,2004,0.835
823,Grenada,2004,0.713
824,Guatemala,2004,0.5670000000000001
825,Guinea,2004,0.361
826,Guinea-Bissau,2004,
827,Guyana,2004,0.611
828,Haiti,2004,0.45
829,Honduras,2004,0.574
830,"Hong Kong, China (SAR)",2004,0.862
831,Hungary,2004,0.795
832,Iceland,2004,0.885
833,India,2004,0.526
834,Indonesia,2004,0.629
835,Iran (Islamic Republic of),2004,0.691
836,Iraq,2004,0.628
837,Ireland,2004,0.89
838,Israel,2004,0.868
839,Italy,2004,0.852
840,Jamaica,2004,0.691
841,Japan,2004,0.8690000000000001
842,Jordan,2004,0.726
843,Kazakhstan,2004,0.737
844,Kenya,2004,0.48
845,Kiribati,2004,0.568
846,Korea (Republic of),2004,0.847
847,Kuwait,2004,0.789
848,Kyrgyzstan,2004,0.615
849,Lao People's Democratic Republic,2004,0.49700000000000005
850,Latvia,2004,0.7879999999999999
851,Lebanon,2004,
852,Lesotho,2004,0.46
853,Liberia,2004,0.373
854,Libya,2004,0.743
855,Liechtenstein,2004,0.883
856,Lithuania,2004,0.7979999999999999
857,Luxembourg,2004,0.872
858,Madagascar,2004,0.47200000000000003
859,Malawi,2004,0.375
860,Malaysia,2004,0.7340000000000001
861,Maldives,2004,0.635
862,Mali,2004,0.35200000000000004
863,Malta,2004,0.809
864,Marshall Islands,2004,
865,Mauritania,2004,0.461
866,Mauritius,2004,0.7040000000000001
867,Mexico,2004,0.7240000000000001
868,Micronesia (Federated States of),2004,0.575
869,Moldova (Republic of),2004,0.64
870,Mongolia,2004,0.637
871,Montenegro,2004,0.748
872,Morocco,2004,0.5720000000000001
873,Mozambique,2004,0.34299999999999997
874,Myanmar,2004,0.46799999999999997
875,Namibia,2004,0.557
876,Nepal,2004,0.469
877,Netherlands,2004,0.8859999999999999
878,New Zealand,2004,0.8859999999999999
879,Nicaragua,2004,0.5920000000000001
880,Niger,2004,0.27399999999999997
881,Nigeria,2004,0.462
882,Norway,2004,0.934
883,Oman,2004,0.742
884,Pakistan,2004,0.48700000000000004
885,Palau,2004,0.758
886,"Palestine, State of",2004,0.65
887,Panama,2004,0.735
888,Papua New Guinea,2004,0.47200000000000003
889,Paraguay,2004,0.6459999999999999
890,Peru,2004,0.693
891,Philippines,2004,0.647
892,Poland,2004,0.802
893,Portugal,2004,0.797
894,Qatar,2004,0.826
895,Romania,2004,0.746
896,Russian Federation,2004,0.746
897,Rwanda,2004,0.391
898,Saint Kitts and Nevis,2004,
899,Saint Lucia,2004,0.695
900,Saint Vincent and the Grenadines,2004,0.6920000000000001
901,Samoa,2004,0.669
902,Sao Tome and Principe,2004,0.51
903,Saudi Arabia,2004,0.765
904,Senegal,2004,0.415
905,Serbia,2004,0.7340000000000001
906,Seychelles,2004,0.715
907,Sierra Leone,2004,0.33399999999999996
908,Singapore,2004,0.845
909,Slovakia,2004,0.785
910,Slovenia,2004,0.857
911,Solomon Islands,2004,0.47700000000000004
912,South Africa,2004,0.613
913,South Sudan,2004,
914,Spain,2004,0.8370000000000001
915,Sri Lanka,2004,0.711
916,Sudan,2004,0.429
917,Suriname,2004,0.6709999999999999
918,Sweden,2004,0.8959999999999999
919,Switzerland,2004,0.9009999999999999
920,Syrian Arab Republic,2004,0.623
921,Tajikistan,2004,0.5870000000000001
922,Tanzania (United Republic of),2004,0.434
923,Thailand,2004,0.6829999999999999
924,The former Yugoslav Republic of Macedonia,2004,0.693
925,Timor-Leste,2004,0.519
926,Togo,2004,0.434
927,Tonga,2004,0.693
928,Trinidad and Tobago,2004,0.746
929,Tunisia,2004,0.682
930,Turkey,2004,0.685
931,Turkmenistan,2004,
932,Uganda,2004,0.43
933,Ukraine,2004,0.706
934,United Arab Emirates,2004,0.818
935,United Kingdom,2004,0.8859999999999999
936,United States,2004,0.895
937,Uruguay,2004,0.754
938,Uzbekistan,2004,0.621
939,Vanuatu,2004,
940,Venezuela (Bolivarian Republic of),2004,0.7
941,Viet Nam,2004,0.612
942,Yemen,2004,0.469
943,Zambia,2004,0.469
944,Zimbabwe,2004,0.428
945,Afghanistan,2005,0.408
946,Albania,2005,0.7040000000000001
947,Algeria,2005,0.6920000000000001
948,Andorra,2005,0.8190000000000001
949,Angola,2005,0.455
950,Antigua and Barbuda,2005,0.7659999999999999
951,Argentina,2005,0.782
952,Armenia,2005,0.693
953,Australia,2005,0.9079999999999999
954,Austria,2005,0.855
955,Azerbaijan,2005,0.679
956,Bahamas,2005,0.7859999999999999
957,Bahrain,2005,0.7909999999999999
958,Bangladesh,2005,0.505
959,Barbados,2005,0.767
960,Belarus,2005,0.725
961,Belgium,2005,0.889
962,Belize,2005,0.693
963,Benin,2005,0.44
964,Bhutan,2005,0.51
965,Bolivia (Plurinational State of),2005,0.624
966,Bosnia and Herzegovina,2005,0.7
967,Botswana,2005,0.596
968,Brazil,2005,0.7
969,Brunei Darussalam,2005,0.838
970,Bulgaria,2005,0.75
971,Burkina Faso,2005,0.324
972,Burundi,2005,0.33
973,Cabo Verde,2005,0.598
974,Cambodia,2005,0.49
975,Cameroon,2005,0.466
976,Canada,2005,0.892
977,Central African Republic,2005,0.319
978,Chad,2005,0.33
979,Chile,2005,0.7879999999999999
980,China,2005,0.647
981,Colombia,2005,0.6829999999999999
982,Comoros,2005,0.455
983,Congo,2005,0.5
984,Congo (Democratic Republic of the),2005,0.364
985,Costa Rica,2005,0.728
986,Croatia,2005,0.7829999999999999
987,Cuba,2005,0.731
988,Cyprus,2005,0.831
989,Czechia,2005,0.835
990,Côte d'Ivoire,2005,0.413
991,Denmark,2005,0.903
992,Djibouti,2005,0.405
993,Dominica,2005,0.705
994,Dominican Republic,2005,0.675
995,Ecuador,2005,0.693
996,Egypt,2005,0.634
997,El Salvador,2005,0.6509999999999999
998,Equatorial Guinea,2005,0.5670000000000001
999,Eritrea,2005,0.408
1000,Estonia,2005,0.825
1001,Eswatini (Kingdom of),2005,0.48
1002,Ethiopia,2005,0.34600000000000003
1003,Fiji,2005,0.695
1004,Finland,2005,0.895
1005,France,2005,0.8690000000000001
1006,Gabon,2005,0.647
1007,Gambia,2005,0.41600000000000004
1008,Georgia,2005,0.7120000000000001
1009,Germany,2005,0.903
1010,Ghana,2005,0.509
1011,Greece,2005,0.845
1012,Grenada,2005,0.727
1013,Guatemala,2005,0.5710000000000001
1014,Guinea,2005,0.371
1015,Guinea-Bissau,2005,0.396
1016,Guyana,2005,0.614
1017,Haiti,2005,0.45299999999999996
1018,Honduras,2005,0.58
1019,"Hong Kong, China (SAR)",2005,0.871
1020,Hungary,2005,0.804
1021,Iceland,2005,0.889
1022,India,2005,0.535
1023,Indonesia,2005,0.632
1024,Iran (Islamic Republic of),2005,0.695
1025,Iraq,2005,0.631
1026,Ireland,2005,0.8959999999999999
1027,Israel,2005,0.872
1028,Italy,2005,0.857
1029,Jamaica,2005,0.695
1030,Japan,2005,0.873
1031,Jordan,2005,0.7290000000000001
1032,Kazakhstan,2005,0.747
1033,Kenya,2005,0.49
1034,Kiribati,2005,0.585
1035,Korea (Republic of),2005,0.855
1036,Kuwait,2005,0.7829999999999999
1037,Kyrgyzstan,2005,0.616
1038,Lao People's Democratic Republic,2005,0.506
1039,Latvia,2005,0.802
1040,Lebanon,2005,0.732
1041,Lesotho,2005,0.461
1042,Liberia,2005,0.37799999999999995
1043,Libya,2005,0.747
1044,Liechtenstein,2005,0.8859999999999999
1045,Lithuania,2005,0.809
1046,Luxembourg,2005,0.878
1047,Madagascar,2005,0.479
1048,Malawi,2005,0.38
1049,Malaysia,2005,0.731
1050,Maldives,2005,0.631
1051,Mali,2005,0.363
1052,Malta,2005,0.8240000000000001
1053,Marshall Islands,2005,
1054,Mauritania,2005,0.466
1055,Mauritius,2005,0.713
1056,Mexico,2005,0.728
1057,Micronesia (Federated States of),2005,0.5820000000000001
1058,Moldova (Republic of),2005,0.648
1059,Mongolia,2005,0.65
1060,Montenegro,2005,0.753
1061,Morocco,2005,0.58
1062,Mozambique,2005,0.35700000000000004
1063,Myanmar,2005,0.47700000000000004
1064,Namibia,2005,0.556
1065,Nepal,2005,0.475
1066,Netherlands,2005,0.8909999999999999
1067,New Zealand,2005,0.888
1068,Nicaragua,2005,0.596
1069,Niger,2005,0.28300000000000003
1070,Nigeria,2005,0.465
1071,Norway,2005,0.932
1072,Oman,2005,0.748
1073,Pakistan,2005,0.5
1074,Palau,2005,0.76
1075,"Palestine, State of",2005,0.657
1076,Panama,2005,0.7390000000000001
1077,Papua New Guinea,2005,0.479
1078,Paraguay,2005,0.649
1079,Peru,2005,0.698
1080,Philippines,2005,0.65
1081,Poland,2005,0.8079999999999999
1082,Portugal,2005,0.8
1083,Qatar,2005,0.831
1084,Romania,2005,0.755
1085,Russian Federation,2005,0.752
1086,Rwanda,2005,0.408
1087,Saint Kitts and Nevis,2005,0.727
1088,Saint Lucia,2005,0.7
1089,Saint Vincent and the Grenadines,2005,0.6970000000000001
1090,Samoa,2005,0.6729999999999999
1091,Sao Tome and Principe,2005,0.517
1092,Saudi Arabia,2005,0.77
1093,Senegal,2005,0.42200000000000004
1094,Serbia,2005,0.742
1095,Seychelles,2005,0.73
1096,Sierra Leone,2005,0.342
1097,Singapore,2005,0.868
1098,Slovakia,2005,0.794
1099,Slovenia,2005,0.861
1100,Solomon Islands,2005,0.48700000000000004
1101,South Africa,2005,0.614
1102,South Sudan,2005,
1103,Spain,2005,0.8440000000000001
1104,Sri Lanka,2005,0.718
1105,Sudan,2005,0.436
1106,Suriname,2005,0.6759999999999999
1107,Sweden,2005,0.899
1108,Switzerland,2005,0.905
1109,Syrian Arab Republic,2005,0.635
1110,Tajikistan,2005,0.593
1111,Tanzania (United Republic of),2005,0.44799999999999995
1112,Thailand,2005,0.693
1113,The former Yugoslav Republic of Macedonia,2005,0.7020000000000001
1114,Timor-Leste,2005,0.496
1115,Togo,2005,0.436
1116,Tonga,2005,0.693
1117,Trinidad and Tobago,2005,0.752
1118,Tunisia,2005,0.6890000000000001
1119,Turkey,2005,0.69
1120,Turkmenistan,2005,
1121,Uganda,2005,0.43700000000000006
1122,Ukraine,2005,0.715
1123,United Arab Emirates,2005,0.825
1124,United Kingdom,2005,0.8909999999999999
1125,United States,2005,0.898
1126,Uruguay,2005,0.7559999999999999
1127,Uzbekistan,2005,0.628
1128,Vanuatu,2005,0.5720000000000001
1129,Venezuela (Bolivarian Republic of),2005,0.7140000000000001
1130,Viet Nam,2005,0.616
1131,Yemen,2005,0.474
1132,Zambia,2005,0.48
1133,Zimbabwe,2005,0.43
1134,Afghanistan,2006,0.41700000000000004
1135,Albania,2006,0.711
1136,Algeria,2006,0.698
1137,Andorra,2006,0.8290000000000001
1138,Angola,2006,0.47100000000000003
1139,Antigua and Barbuda,2006,0.772
1140,Argentina,2006,0.787
1141,Armenia,2006,0.706
1142,Australia,2006,0.9109999999999999
1143,Austria,2006,0.861
1144,Azerbaijan,2006,0.7040000000000001
1145,Bahamas,2006,0.7879999999999999
1146,Bahrain,2006,0.7929999999999999
1147,Bangladesh,2006,0.513
1148,Barbados,2006,0.772
1149,Belarus,2006,0.741
1150,Belgium,2006,0.8959999999999999
1151,Belize,2006,0.7
1152,Benin,2006,0.447
1153,Bhutan,2006,0.521
1154,Bolivia (Plurinational State of),2006,0.63
1155,Bosnia and Herzegovina,2006,0.706
1156,Botswana,2006,0.611
1157,Brazil,2006,0.7020000000000001
1158,Brunei Darussalam,2006,0.84
1159,Bulgaria,2006,0.7559999999999999
1160,Burkina Faso,2006,0.33299999999999996
1161,Burundi,2006,0.35
1162,Cabo Verde,2006,0.613
1163,Cambodia,2006,0.502
1164,Cameroon,2006,0.47200000000000003
1165,Canada,2006,0.895
1166,Central African Republic,2006,0.325
1167,Chad,2006,0.332
1168,Chile,2006,0.7879999999999999
1169,China,2006,0.6609999999999999
1170,Colombia,2006,0.691
1171,Comoros,2006,0.461
1172,Congo,2006,0.503
1173,Congo (Democratic Republic of the),2006,0.37200000000000005
1174,Costa Rica,2006,0.7340000000000001
1175,Croatia,2006,0.7929999999999999
1176,Cuba,2006,0.753
1177,Cyprus,2006,0.8370000000000001
1178,Czechia,2006,0.843
1179,Côte d'Ivoire,2006,0.418
1180,Denmark,2006,0.905
1181,Djibouti,2006,0.41600000000000004
1182,Dominica,2006,0.711
1183,Dominican Republic,2006,0.682
1184,Ecuador,2006,0.696
1185,Egypt,2006,0.642
1186,El Salvador,2006,0.659
1187,Equatorial Guinea,2006,0.578
1188,Eritrea,2006,0.409
1189,Estonia,2006,0.8320000000000001
1190,Eswatini (Kingdom of),2006,0.496
1191,Ethiopia,2006,0.36200000000000004
1192,Fiji,2006,0.698
1193,Finland,2006,0.899
1194,France,2006,0.8740000000000001
1195,Gabon,2006,0.647
1196,Gambia,2006,0.42100000000000004
1197,Georgia,2006,0.718
1198,Germany,2006,0.9109999999999999
1199,Ghana,2006,0.519
1200,Greece,2006,0.851
1201,Grenada,2006,0.7290000000000001
1202,Guatemala,2006,0.579
1203,Guinea,2006,0.38
1204,Guinea-Bissau,2006,0.40399999999999997
1205,Guyana,2006,0.614
1206,Haiti,2006,0.45799999999999996
1207,Honduras,2006,0.586
1208,"Hong Kong, China (SAR)",2006,0.883
1209,Hungary,2006,0.8109999999999999
1210,Iceland,2006,0.8909999999999999
1211,India,2006,0.545
1212,Indonesia,2006,0.6409999999999999
1213,Iran (Islamic Republic of),2006,0.731
1214,Iraq,2006,0.636
1215,Ireland,2006,0.902
1216,Israel,2006,0.872
1217,Italy,2006,0.862
1218,Jamaica,2006,0.7
1219,Japan,2006,0.877
1220,Jordan,2006,0.732
1221,Kazakhstan,2006,0.754
1222,Kenya,2006,0.505
1223,Kiribati,2006,0.58
1224,Korea (Republic of),2006,0.862
1225,Kuwait,2006,0.7879999999999999
1226,Kyrgyzstan,2006,0.621
1227,Lao People's Democratic Republic,2006,0.512
1228,Latvia,2006,0.809
1229,Lebanon,2006,0.731
1230,Lesotho,2006,0.466
1231,Liberia,2006,0.38299999999999995
1232,Libya,2006,0.7509999999999999
1233,Liechtenstein,2006,0.89
1234,Lithuania,2006,0.8170000000000001
1235,Luxembourg,2006,0.8809999999999999
1236,Madagascar,2006,0.484
1237,Malawi,2006,0.389
1238,Malaysia,2006,0.737
1239,Maldives,2006,0.643
1240,Mali,2006,0.37200000000000005
1241,Malta,2006,0.8220000000000001
1242,Marshall Islands,2006,
1243,Mauritania,2006,0.475
1244,Mauritius,2006,0.72
1245,Mexico,2006,0.736
1246,Micronesia (Federated States of),2006,0.5870000000000001
1247,Moldova (Republic of),2006,0.6559999999999999
1248,Mongolia,2006,0.66
1249,Montenegro,2006,0.764
1250,Morocco,2006,0.586
1251,Mozambique,2006,0.365
1252,Myanmar,2006,0.48700000000000004
1253,Namibia,2006,0.56
1254,Nepal,2006,0.486
1255,Netherlands,2006,0.897
1256,New Zealand,2006,0.8909999999999999
1257,Nicaragua,2006,0.6
1258,Niger,2006,0.289
1259,Nigeria,2006,0.475
1260,Norway,2006,0.9359999999999999
1261,Oman,2006,0.752
1262,Pakistan,2006,0.505
1263,Palau,2006,0.762
1264,"Palestine, State of",2006,0.6579999999999999
1265,Panama,2006,0.7440000000000001
1266,Papua New Guinea,2006,0.484
1267,Paraguay,2006,0.649
1268,Peru,2006,0.695
1269,Philippines,2006,0.6509999999999999
1270,Poland,2006,0.8140000000000001
1271,Portugal,2006,0.8029999999999999
1272,Qatar,2006,0.8270000000000001
1273,Romania,2006,0.767
1274,Russian Federation,2006,0.759
1275,Rwanda,2006,0.429
1276,Saint Kitts and Nevis,2006,0.73
1277,Saint Lucia,2006,0.711
1278,Saint Vincent and the Grenadines,2006,0.7040000000000001
1279,Samoa,2006,0.675
1280,Sao Tome and Principe,2006,0.526
1281,Saudi Arabia,2006,0.777
1282,Senegal,2006,0.42700000000000005
1283,Serbia,2006,0.747
1284,Seychelles,2006,0.72
1285,Sierra Leone,2006,0.35
1286,Singapore,2006,0.871
1287,Slovakia,2006,0.8029999999999999
1288,Slovenia,2006,0.8690000000000001
1289,Solomon Islands,2006,0.49700000000000005
1290,South Africa,2006,0.616
1291,South Sudan,2006,
1292,Spain,2006,0.848
1293,Sri Lanka,2006,0.7240000000000001
1294,Sudan,2006,0.446
1295,Suriname,2006,0.6809999999999999
1296,Sweden,2006,0.902
1297,Switzerland,2006,0.912
1298,Syrian Arab Republic,2006,0.643
1299,Tajikistan,2006,0.599
1300,Tanzania (United Republic of),2006,0.45799999999999996
1301,Thailand,2006,0.6990000000000001
1302,The former Yugoslav Republic of Macedonia,2006,0.708
1303,Timor-Leste,2006,0.536
1304,Togo,2006,0.44299999999999995
1305,Tonga,2006,0.695
1306,Trinidad and Tobago,2006,0.757
1307,Tunisia,2006,0.695
1308,Turkey,2006,0.701
1309,Turkmenistan,2006,
1310,Uganda,2006,0.449
1311,Ukraine,2006,0.721
1312,United Arab Emirates,2006,0.83
1313,United Kingdom,2006,0.889
1314,United States,2006,0.9009999999999999
1315,Uruguay,2006,0.7609999999999999
1316,Uzbekistan,2006,0.634
1317,Vanuatu,2006,0.579
1318,Venezuela (Bolivarian Republic of),2006,0.727
1319,Viet Nam,2006,0.624
1320,Yemen,2006,0.479
1321,Zambia,2006,0.49200000000000005
1322,Zimbabwe,2006,0.435
1323,Afghanistan,2007,0.429
1324,Albania,2007,0.72
1325,Algeria,2007,0.7070000000000001
1326,Andorra,2007,0.8290000000000001
1327,Angola,2007,0.49200000000000005
1328,Antigua and Barbuda,2007,0.778
1329,Argentina,2007,0.792
1330,Armenia,2007,0.72
1331,Australia,2007,0.915
1332,Austria,2007,0.8809999999999999
1333,Azerbaijan,2007,0.7090000000000001
1334,Bahamas,2007,0.789
1335,Bahrain,2007,0.7959999999999999
1336,Bangladesh,2007,0.52
1337,Barbados,2007,0.777
1338,Belarus,2007,0.757
1339,Belgium,2007,0.899
1340,Belize,2007,0.6990000000000001
1341,Benin,2007,0.455
1342,Bhutan,2007,0.535
1343,Bolivia (Plurinational State of),2007,0.631
1344,Bosnia and Herzegovina,2007,0.7120000000000001
1345,Botswana,2007,0.625
1346,Brazil,2007,0.705
1347,Brunei Darussalam,2007,0.84
1348,Bulgaria,2007,0.764
1349,Burkina Faso,2007,0.344
1350,Burundi,2007,0.361
1351,Cabo Verde,2007,0.619
1352,Cambodia,2007,0.513
1353,Cameroon,2007,0.484
1354,Canada,2007,0.897
1355,Central African Republic,2007,0.331
1356,Chad,2007,0.342
1357,Chile,2007,0.795
1358,China,2007,0.675
1359,Colombia,2007,0.7040000000000001
1360,Comoros,2007,0.466
1361,Congo,2007,0.52
1362,Congo (Democratic Republic of the),2007,0.379
1363,Costa Rica,2007,0.742
1364,Croatia,2007,0.8
1365,Cuba,2007,0.77
1366,Cyprus,2007,0.846
1367,Czechia,2007,0.85
1368,Côte d'Ivoire,2007,0.424
1369,Denmark,2007,0.904
1370,Djibouti,2007,0.426
1371,Dominica,2007,0.715
1372,Dominican Republic,2007,0.691
1373,Ecuador,2007,0.698
1374,Egypt,2007,0.65
1375,El Salvador,2007,0.6559999999999999
1376,Equatorial Guinea,2007,0.585
1377,Eritrea,2007,0.41100000000000003
1378,Estonia,2007,0.8390000000000001
1379,Eswatini (Kingdom of),2007,0.507
1380,Ethiopia,2007,0.37799999999999995
1381,Fiji,2007,0.7020000000000001
1382,Finland,2007,0.9009999999999999
1383,France,2007,0.8759999999999999
1384,Gabon,2007,0.652
1385,Gambia,2007,0.42700000000000005
1386,Georgia,2007,0.73
1387,Germany,2007,0.915
1388,Ghana,2007,0.53
1389,Greece,2007,0.8490000000000001
1390,Grenada,2007,0.735
1391,Guatemala,2007,0.59
1392,Guinea,2007,0.39
1393,Guinea-Bissau,2007,0.409
1394,Guyana,2007,0.618
1395,Haiti,2007,0.462
1396,Honduras,2007,0.593
1397,"Hong Kong, China (SAR)",2007,0.887
1398,Hungary,2007,0.813
1399,Iceland,2007,0.897
1400,India,2007,0.556
1401,Indonesia,2007,0.642
1402,Iran (Islamic Republic of),2007,0.736
1403,Iraq,2007,0.638
1404,Ireland,2007,0.9079999999999999
1405,Israel,2007,0.8809999999999999
1406,Italy,2007,0.866
1407,Jamaica,2007,0.705
1408,Japan,2007,0.88
1409,Jordan,2007,0.735
1410,Kazakhstan,2007,0.759
1411,Kenya,2007,0.514
1412,Kiribati,2007,0.5820000000000001
1413,Korea (Republic of),2007,0.8690000000000001
1414,Kuwait,2007,0.7879999999999999
1415,Kyrgyzstan,2007,0.628
1416,Lao People's Democratic Republic,2007,0.521
1417,Latvia,2007,0.818
1418,Lebanon,2007,0.743
1419,Lesotho,2007,0.473
1420,Liberia,2007,0.39399999999999996
1421,Libya,2007,0.752
1422,Liechtenstein,2007,0.893
1423,Lithuania,2007,0.825
1424,Luxembourg,2007,0.888
1425,Madagascar,2007,0.491
1426,Malawi,2007,0.4
1427,Malaysia,2007,0.75
1428,Maldives,2007,0.6509999999999999
1429,Mali,2007,0.36700000000000005
1430,Malta,2007,0.8270000000000001
1431,Marshall Islands,2007,
1432,Mauritania,2007,0.47600000000000003
1433,Mauritius,2007,0.728
1434,Mexico,2007,0.7390000000000001
1435,Micronesia (Federated States of),2007,0.5920000000000001
1436,Moldova (Republic of),2007,0.6609999999999999
1437,Mongolia,2007,0.672
1438,Montenegro,2007,0.775
1439,Morocco,2007,0.594
1440,Mozambique,2007,0.37799999999999995
1441,Myanmar,2007,0.498
1442,Namibia,2007,0.568
1443,Nepal,2007,0.491
1444,Netherlands,2007,0.904
1445,New Zealand,2007,0.894
1446,Nicaragua,2007,0.607
1447,Niger,2007,0.294
1448,Nigeria,2007,0.479
1449,Norway,2007,0.938
1450,Oman,2007,0.764
1451,Pakistan,2007,0.513
1452,Palau,2007,0.765
1453,"Palestine, State of",2007,0.6629999999999999
1454,Panama,2007,0.7509999999999999
1455,Papua New Guinea,2007,0.499
1456,Paraguay,2007,0.655
1457,Peru,2007,0.703
1458,Philippines,2007,0.657
1459,Poland,2007,0.8190000000000001
1460,Portugal,2007,0.81
1461,Qatar,2007,0.83
1462,Romania,2007,0.7809999999999999
1463,Russian Federation,2007,0.767
1464,Rwanda,2007,0.445
1465,Saint Kitts and Nevis,2007,0.733
1466,Saint Lucia,2007,0.713
1467,Saint Vincent and the Grenadines,2007,0.7090000000000001
1468,Samoa,2007,0.6809999999999999
1469,Sao Tome and Principe,2007,0.53
1470,Saudi Arabia,2007,0.7829999999999999
1471,Senegal,2007,0.436
1472,Serbia,2007,0.7509999999999999
1473,Seychelles,2007,0.741
1474,Sierra Leone,2007,0.363
1475,Singapore,2007,0.878
1476,Slovakia,2007,0.8140000000000001
1477,Slovenia,2007,0.873
1478,Solomon Islands,2007,0.505
1479,South Africa,2007,0.621
1480,South Sudan,2007,
1481,Spain,2007,0.853
1482,Sri Lanka,2007,0.73
1483,Sudan,2007,0.451
1484,Suriname,2007,0.687
1485,Sweden,2007,0.905
1486,Switzerland,2007,0.915
1487,Syrian Arab Republic,2007,0.649
1488,Tajikistan,2007,0.604
1489,Tanzania (United Republic of),2007,0.46799999999999997
1490,Thailand,2007,0.71
1491,The former Yugoslav Republic of Macedonia,2007,0.7120000000000001
1492,Timor-Leste,2007,0.581
1493,Togo,2007,0.441
1494,Tonga,2007,0.698
1495,Trinidad and Tobago,2007,0.768
1496,Tunisia,2007,0.701
1497,Turkey,2007,0.708
1498,Turkmenistan,2007,
1499,Uganda,2007,0.45899999999999996
1500,Ukraine,2007,0.7290000000000001
1501,United Arab Emirates,2007,0.835
1502,United Kingdom,2007,0.892
1503,United States,2007,0.905
1504,Uruguay,2007,0.762
1505,Uzbekistan,2007,0.6459999999999999
1506,Vanuatu,2007,0.5820000000000001
1507,Venezuela (Bolivarian Republic of),2007,0.7440000000000001
1508,Viet Nam,2007,0.632
1509,Yemen,2007,0.48200000000000004
1510,Zambia,2007,0.503
1511,Zimbabwe,2007,0.442
1512,Afghanistan,2008,0.43700000000000006
1513,Albania,2008,0.7240000000000001
1514,Algeria,2008,0.7090000000000001
1515,Andorra,2008,0.831
1516,Angola,2008,0.502
1517,Antigua and Barbuda,2008,0.777
1518,Argentina,2008,0.795
1519,Armenia,2008,0.727
1520,Australia,2008,0.92
1521,Austria,2008,0.884
1522,Azerbaijan,2008,0.7190000000000001
1523,Bahamas,2008,0.79
1524,Bahrain,2008,0.7959999999999999
1525,Bangladesh,2008,0.523
1526,Barbados,2008,0.7809999999999999
1527,Belarus,2008,0.774
1528,Belgium,2008,0.899
1529,Belize,2008,0.7
1530,Benin,2008,0.462
1531,Bhutan,2008,0.5429999999999999
1532,Bolivia (Plurinational State of),2008,0.64
1533,Bosnia and Herzegovina,2008,0.7190000000000001
1534,Botswana,2008,0.639
1535,Brazil,2008,0.716
1536,Brunei Darussalam,2008,0.84
1537,Bulgaria,2008,0.7709999999999999
1538,Burkina Faso,2008,0.35700000000000004
1539,Burundi,2008,0.37200000000000005
1540,Cabo Verde,2008,0.625
1541,Cambodia,2008,0.521
1542,Cameroon,2008,0.49200000000000005
1543,Canada,2008,0.899
1544,Central African Republic,2008,0.337
1545,Chad,2008,0.348
1546,Chile,2008,0.8059999999999999
1547,China,2008,0.685
1548,Colombia,2008,0.71
1549,Comoros,2008,0.47
1550,Congo,2008,0.536
1551,Congo (Democratic Republic of the),2008,0.39
1552,Costa Rica,2008,0.75
1553,Croatia,2008,0.8029999999999999
1554,Cuba,2008,0.78
1555,Cyprus,2008,0.852
1556,Czechia,2008,0.8540000000000001
1557,Côte d'Ivoire,2008,0.43
1558,Denmark,2008,0.909
1559,Djibouti,2008,0.435
1560,Dominica,2008,0.72
1561,Dominican Republic,2008,0.695
1562,Ecuador,2008,0.711
1563,Egypt,2008,0.6579999999999999
1564,El Salvador,2008,0.659
1565,Equatorial Guinea,2008,0.586
1566,Eritrea,2008,0.40700000000000003
1567,Estonia,2008,0.841
1568,Eswatini (Kingdom of),2008,0.517
1569,Ethiopia,2008,0.39399999999999996
1570,Fiji,2008,0.703
1571,Finland,2008,0.904
1572,France,2008,0.878
1573,Gabon,2008,0.653
1574,Gambia,2008,0.435
1575,Georgia,2008,0.728
1576,Germany,2008,0.917
1577,Ghana,2008,0.542
1578,Greece,2008,0.857
1579,Grenada,2008,0.7390000000000001
1580,Guatemala,2008,0.598
1581,Guinea,2008,0.396
1582,Guinea-Bissau,2008,0.415
1583,Guyana,2008,0.621
1584,Haiti,2008,0.466
1585,Honduras,2008,0.59
1586,"Hong Kong, China (SAR)",2008,0.8959999999999999
1587,Hungary,2008,0.818
1588,Iceland,2008,0.89
1589,India,2008,0.564
1590,Indonesia,2008,0.6459999999999999
1591,Iran (Islamic Republic of),2008,0.741
1592,Iraq,2008,0.643
1593,Ireland,2008,0.9079999999999999
1594,Israel,2008,0.88
1595,Italy,2008,0.868
1596,Jamaica,2008,0.708
1597,Japan,2008,0.8809999999999999
1598,Jordan,2008,0.736
1599,Kazakhstan,2008,0.759
1600,Kenya,2008,0.523
1601,Kiribati,2008,0.585
1602,Korea (Republic of),2008,0.8740000000000001
1603,Kuwait,2008,0.789
1604,Kyrgyzstan,2008,0.631
1605,Lao People's Democratic Republic,2008,0.529
1606,Latvia,2008,0.821
1607,Lebanon,2008,0.75
1608,Lesotho,2008,0.48
1609,Liberia,2008,0.39899999999999997
1610,Libya,2008,0.757
1611,Liechtenstein,2008,0.899
1612,Lithuania,2008,0.831
1613,Luxembourg,2008,0.89
1614,Madagascar,2008,0.5
1615,Malawi,2008,0.41700000000000004
1616,Malaysia,2008,0.7609999999999999
1617,Maldives,2008,0.66
1618,Mali,2008,0.39
1619,Malta,2008,0.8290000000000001
1620,Marshall Islands,2008,
1621,Mauritania,2008,0.47600000000000003
1622,Mauritius,2008,0.7340000000000001
1623,Mexico,2008,0.742
1624,Micronesia (Federated States of),2008,0.596
1625,Moldova (Republic of),2008,0.6659999999999999
1626,Mongolia,2008,0.6829999999999999
1627,Montenegro,2008,0.7859999999999999
1628,Morocco,2008,0.602
1629,Mozambique,2008,0.38799999999999996
1630,Myanmar,2008,0.509
1631,Namibia,2008,0.575
1632,Nepal,2008,0.502
1633,Netherlands,2008,0.9059999999999999
1634,New Zealand,2008,0.894
1635,Nicaragua,2008,0.614
1636,Niger,2008,0.303
1637,Nigeria,2008,0.485
1638,Norway,2008,0.938
1639,Oman,2008,0.782
1640,Pakistan,2008,0.515
1641,Palau,2008,0.764
1642,"Palestine, State of",2008,0.66
1643,Panama,2008,0.755
1644,Papua New Guinea,2008,0.503
1645,Paraguay,2008,0.664
1646,Peru,2008,0.7120000000000001
1647,Philippines,2008,0.6609999999999999
1648,Poland,2008,0.8240000000000001
1649,Portugal,2008,0.8140000000000001
1650,Qatar,2008,0.835
1651,Romania,2008,0.795
1652,Russian Federation,2008,0.774
1653,Rwanda,2008,0.455
1654,Saint Kitts and Nevis,2008,0.738
1655,Saint Lucia,2008,0.7190000000000001
1656,Saint Vincent and the Grenadines,2008,0.71
1657,Samoa,2008,0.685
1658,Sao Tome and Principe,2008,0.53
1659,Saudi Arabia,2008,0.7909999999999999
1660,Senegal,2008,0.445
1661,Serbia,2008,0.757
1662,Seychelles,2008,0.741
1663,Sierra Leone,2008,0.373
1664,Singapore,2008,0.883
1665,Slovakia,2008,0.8220000000000001
1666,Slovenia,2008,0.878
1667,Solomon Islands,2008,0.504
1668,South Africa,2008,0.633
1669,South Sudan,2008,
1670,Spain,2008,0.856
1671,Sri Lanka,2008,0.738
1672,Sudan,2008,0.46299999999999997
1673,Suriname,2008,0.691
1674,Sweden,2008,0.9009999999999999
1675,Switzerland,2008,0.917
1676,Syrian Arab Republic,2008,0.6459999999999999
1677,Tajikistan,2008,0.618
1678,Tanzania (United Republic of),2008,0.47700000000000004
1679,Thailand,2008,0.7140000000000001
1680,The former Yugoslav Republic of Macedonia,2008,0.728
1681,Timor-Leste,2008,0.599
1682,Togo,2008,0.44
1683,Tonga,2008,0.7020000000000001
1684,Trinidad and Tobago,2008,0.773
1685,Tunisia,2008,0.7070000000000001
1686,Turkey,2008,0.71
1687,Turkmenistan,2008,
1688,Uganda,2008,0.47
1689,Ukraine,2008,0.733
1690,United Arab Emirates,2008,0.838
1691,United Kingdom,2008,0.8959999999999999
1692,United States,2008,0.91
1693,Uruguay,2008,0.7659999999999999
1694,Uzbekistan,2008,0.653
1695,Vanuatu,2008,0.589
1696,Venezuela (Bolivarian Republic of),2008,0.753
1697,Viet Nam,2008,0.64
1698,Yemen,2008,0.485
1699,Zambia,2008,0.517
1700,Zimbabwe,2008,0.439
1701,Afghanistan,2009,0.45299999999999996
1702,Albania,2009,0.7290000000000001
1703,Algeria,2009,0.7190000000000001
1704,Andorra,2009,0.83
1705,Angola,2009,0.522
1706,Antigua and Barbuda,2009,0.77
1707,Argentina,2009,0.799
1708,Armenia,2009,0.7240000000000001
1709,Australia,2009,0.9209999999999999
1710,Austria,2009,0.8859999999999999
1711,Azerbaijan,2009,0.736
1712,Bahamas,2009,0.787
1713,Bahrain,2009,0.794
1714,Bangladesh,2009,0.535
1715,Barbados,2009,0.7829999999999999
1716,Belarus,2009,0.784
1717,Belgium,2009,0.899
1718,Belize,2009,0.6990000000000001
1719,Benin,2009,0.46799999999999997
1720,Bhutan,2009,0.5539999999999999
1721,Bolivia (Plurinational State of),2009,0.647
1722,Bosnia and Herzegovina,2009,0.72
1723,Botswana,2009,0.648
1724,Brazil,2009,0.718
1725,Brunei Darussalam,2009,0.8420000000000001
1726,Bulgaria,2009,0.774
1727,Burkina Faso,2009,0.366
1728,Burundi,2009,0.387
1729,Cabo Verde,2009,0.626
1730,Cambodia,2009,0.521
1731,Cameroon,2009,0.499
1732,Canada,2009,0.899
1733,Central African Republic,2009,0.34299999999999997
1734,Chad,2009,0.363
1735,Chile,2009,0.804
1736,China,2009,0.6940000000000001
1737,Colombia,2009,0.715
1738,Comoros,2009,0.47600000000000003
1739,Congo,2009,0.55
1740,Congo (Democratic Republic of the),2009,0.397
1741,Costa Rica,2009,0.752
1742,Croatia,2009,0.802
1743,Cuba,2009,0.782
1744,Cyprus,2009,0.856
1745,Czechia,2009,0.857
1746,Côte d'Ivoire,2009,0.43700000000000006
1747,Denmark,2009,0.9059999999999999
1748,Djibouti,2009,0.441
1749,Dominica,2009,0.72
1750,Dominican Republic,2009,0.696
1751,Ecuador,2009,0.7120000000000001
1752,Egypt,2009,0.66
1753,El Salvador,2009,0.659
1754,Equatorial Guinea,2009,0.589
1755,Eritrea,2009,0.41600000000000004
1756,Estonia,2009,0.8390000000000001
1757,Eswatini (Kingdom of),2009,0.527
1758,Ethiopia,2009,0.401
1759,Fiji,2009,0.7070000000000001
1760,Finland,2009,0.899
1761,France,2009,0.878
1762,Gabon,2009,0.6609999999999999
1763,Gambia,2009,0.43799999999999994
1764,Georgia,2009,0.731
1765,Germany,2009,0.917
1766,Ghana,2009,0.547
1767,Greece,2009,0.858
1768,Grenada,2009,0.738
1769,Guatemala,2009,0.604
1770,Guinea,2009,0.39899999999999997
1771,Guinea-Bissau,2009,0.42100000000000004
1772,Guyana,2009,0.624
1773,Haiti,2009,0.47
1774,Honduras,2009,0.591
1775,"Hong Kong, China (SAR)",2009,0.898
1776,Hungary,2009,0.818
1777,Iceland,2009,0.89
1778,India,2009,0.57
1779,Indonesia,2009,0.6559999999999999
1780,Iran (Islamic Republic of),2009,0.747
1781,Iraq,2009,0.6459999999999999
1782,Ireland,2009,0.9059999999999999
1783,Israel,2009,0.882
1784,Italy,2009,0.868
1785,Jamaica,2009,0.7090000000000001
1786,Japan,2009,0.88
1787,Jordan,2009,0.7340000000000001
1788,Kazakhstan,2009,0.763
1789,Kenya,2009,0.5329999999999999
1790,Kiribati,2009,0.584
1791,Korea (Republic of),2009,0.8690000000000001
1792,Kuwait,2009,0.79
1793,Kyrgyzstan,2009,0.636
1794,Lao People's Democratic Republic,2009,0.539
1795,Latvia,2009,0.818
1796,Lebanon,2009,0.7559999999999999
1797,Lesotho,2009,0.489
1798,Liberia,2009,0.40399999999999997
1799,Libya,2009,0.755
1800,Liechtenstein,2009,0.899
1801,Lithuania,2009,0.8220000000000001
1802,Luxembourg,2009,0.883
1803,Madagascar,2009,0.503
1804,Malawi,2009,0.431
1805,Malaysia,2009,0.765
1806,Maldives,2009,0.66
1807,Mali,2009,0.39799999999999996
1808,Malta,2009,0.83
1809,Marshall Islands,2009,
1810,Mauritania,2009,0.484
1811,Mauritius,2009,0.741
1812,Mexico,2009,0.743
1813,Micronesia (Federated States of),2009,0.603
1814,Moldova (Republic of),2009,0.662
1815,Mongolia,2009,0.6890000000000001
1816,Montenegro,2009,0.7879999999999999
1817,Morocco,2009,0.608
1818,Mozambique,2009,0.397
1819,Myanmar,2009,0.519
1820,Namibia,2009,0.583
1821,Nepal,2009,0.514
1822,Netherlands,2009,0.9059999999999999
1823,New Zealand,2009,0.898
1824,Nicaragua,2009,0.615
1825,Niger,2009,0.308
1826,Nigeria,2009,0.49
1827,Norway,2009,0.938
1828,Oman,2009,0.789
1829,Pakistan,2009,0.522
1830,Palau,2009,0.767
1831,"Palestine, State of",2009,0.67
1832,Panama,2009,0.7559999999999999
1833,Papua New Guinea,2009,0.51
1834,Paraguay,2009,0.659
1835,Peru,2009,0.715
1836,Philippines,2009,0.659
1837,Poland,2009,0.828
1838,Portugal,2009,0.8170000000000001
1839,Qatar,2009,0.833
1840,Romania,2009,0.7979999999999999
1841,Russian Federation,2009,0.7709999999999999
1842,Rwanda,2009,0.47
1843,Saint Kitts and Nevis,2009,0.74
1844,Saint Lucia,2009,0.7240000000000001
1845,Saint Vincent and the Grenadines,2009,0.713
1846,Samoa,2009,0.687
1847,Sao Tome and Principe,2009,0.5379999999999999
1848,Saudi Arabia,2009,0.7959999999999999
1849,Senegal,2009,0.449
1850,Serbia,2009,0.759
1851,Seychelles,2009,0.741
1852,Sierra Leone,2009,0.381
1853,Singapore,2009,0.884
1854,Slovakia,2009,0.8240000000000001
1855,Slovenia,2009,0.878
1856,Solomon Islands,2009,0.49700000000000005
1857,South Africa,2009,0.642
1858,South Sudan,2009,
1859,Spain,2009,0.858
1860,Sri Lanka,2009,0.74
1861,Sudan,2009,0.46799999999999997
1862,Suriname,2009,0.677
1863,Sweden,2009,0.899
1864,Switzerland,2009,0.927
1865,Syrian Arab Republic,2009,0.648
1866,Tajikistan,2009,0.62
1867,Tanzania (United Republic of),2009,0.486
1868,Thailand,2009,0.718
1869,The former Yugoslav Republic of Macedonia,2009,0.731
1870,Timor-Leste,2009,0.61
1871,Togo,2009,0.449
1872,Tonga,2009,0.706
1873,Trinidad and Tobago,2009,0.772
1874,Tunisia,2009,0.71
1875,Turkey,2009,0.718
1876,Turkmenistan,2009,
1877,Uganda,2009,0.47700000000000004
1878,Ukraine,2009,0.727
1879,United Arab Emirates,2009,0.835
1880,United Kingdom,2009,0.899
1881,United States,2009,0.91
1882,Uruguay,2009,0.778
1883,Uzbekistan,2009,0.659
1884,Vanuatu,2009,0.59
1885,Venezuela (Bolivarian Republic of),2009,0.753
1886,Viet Nam,2009,0.6559999999999999
1887,Yemen,2009,0.491
1888,Zambia,2009,0.5329999999999999
1889,Zimbabwe,2009,0.45
1890,Afghanistan,2010,0.46299999999999997
1891,Albania,2010,0.741
1892,Algeria,2010,0.7290000000000001
1893,Andorra,2010,0.828
1894,Angola,2010,0.52
1895,Antigua and Barbuda,2010,0.7659999999999999
1896,Argentina,2010,0.813
1897,Armenia,2010,0.728
1898,Australia,2010,0.9229999999999999
1899,Austria,2010,0.895
1900,Azerbaijan,2010,0.74
1901,Bahamas,2010,0.789
1902,Bahrain,2010,0.7959999999999999
1903,Bangladesh,2010,0.545
1904,Barbados,2010,0.782
1905,Belarus,2010,0.792
1906,Belgium,2010,0.903
1907,Belize,2010,0.6990000000000001
1908,Benin,2010,0.473
1909,Bhutan,2010,0.5660000000000001
1910,Bolivia (Plurinational State of),2010,0.649
1911,Bosnia and Herzegovina,2010,0.713
1912,Botswana,2010,0.66
1913,Brazil,2010,0.727
1914,Brunei Darussalam,2010,0.8420000000000001
1915,Bulgaria,2010,0.779
1916,Burkina Faso,2010,0.375
1917,Burundi,2010,0.395
1918,Cabo Verde,2010,0.629
1919,Cambodia,2010,0.537
1920,Cameroon,2010,0.506
1921,Canada,2010,0.902
1922,Central African Republic,2010,0.35100000000000003
1923,Chad,2010,0.371
1924,Chile,2010,0.8079999999999999
1925,China,2010,0.706
1926,Colombia,2010,0.7190000000000001
1927,Comoros,2010,0.48200000000000004
1928,Congo,2010,0.557
1929,Congo (Democratic Republic of the),2010,0.40700000000000003
1930,Costa Rica,2010,0.754
1931,Croatia,2010,0.8079999999999999
1932,Cuba,2010,0.779
1933,Cyprus,2010,0.85
1934,Czechia,2010,0.862
1935,Côte d'Ivoire,2010,0.442
1936,Denmark,2010,0.91
1937,Djibouti,2010,0.449
1938,Dominica,2010,0.722
1939,Dominican Republic,2010,0.703
1940,Ecuador,2010,0.715
1941,Egypt,2010,0.665
1942,El Salvador,2010,0.6709999999999999
1943,Equatorial Guinea,2010,0.581
1944,Eritrea,2010,0.41600000000000004
1945,Estonia,2010,0.845
1946,Eswatini (Kingdom of),2010,0.5379999999999999
1947,Ethiopia,2010,0.41200000000000003
1948,Fiji,2010,0.711
1949,Finland,2010,0.903
1950,France,2010,0.882
1951,Gabon,2010,0.665
1952,Gambia,2010,0.441
1953,Georgia,2010,0.735
1954,Germany,2010,0.9209999999999999
1955,Ghana,2010,0.5539999999999999
1956,Greece,2010,0.856
1957,Grenada,2010,0.743
1958,Guatemala,2010,0.611
1959,Guinea,2010,0.40399999999999997
1960,Guinea-Bissau,2010,0.426
1961,Guyana,2010,0.63
1962,Haiti,2010,0.47
1963,Honduras,2010,0.596
1964,"Hong Kong, China (SAR)",2010,0.9009999999999999
1965,Hungary,2010,0.823
1966,Iceland,2010,0.8909999999999999
1967,India,2010,0.581
1968,Indonesia,2010,0.6609999999999999
1969,Iran (Islamic Republic of),2010,0.755
1970,Iraq,2010,0.649
1971,Ireland,2010,0.909
1972,Israel,2010,0.887
1973,Italy,2010,0.87
1974,Jamaica,2010,0.7120000000000001
1975,Japan,2010,0.885
1976,Jordan,2010,0.728
1977,Kazakhstan,2010,0.765
1978,Kenya,2010,0.5429999999999999
1979,Kiribati,2010,0.59
1980,Korea (Republic of),2010,0.884
1981,Kuwait,2010,0.792
1982,Kyrgyzstan,2010,0.636
1983,Lao People's Democratic Republic,2010,0.546
1984,Latvia,2010,0.816
1985,Lebanon,2010,0.758
1986,Lesotho,2010,0.493
1987,Liberia,2010,0.40700000000000003
1988,Libya,2010,0.755
1989,Liechtenstein,2010,0.904
1990,Lithuania,2010,0.8240000000000001
1991,Luxembourg,2010,0.889
1992,Madagascar,2010,0.504
1993,Malawi,2010,0.441
1994,Malaysia,2010,0.772
1995,Maldives,2010,0.6709999999999999
1996,Mali,2010,0.40299999999999997
1997,Malta,2010,0.843
1998,Marshall Islands,2010,
1999,Mauritania,2010,0.48700000000000004
2000,Mauritius,2010,0.7490000000000001
2001,Mexico,2010,0.743
2002,Micronesia (Federated States of),2010,0.608
2003,Moldova (Republic of),2010,0.67
2004,Mongolia,2010,0.6970000000000001
2005,Montenegro,2010,0.7929999999999999
2006,Morocco,2010,0.616
2007,Mozambique,2010,0.40299999999999997
2008,Myanmar,2010,0.53
2009,Namibia,2010,0.594
2010,Nepal,2010,0.529
2011,Netherlands,2010,0.91
2012,New Zealand,2010,0.899
2013,Nicaragua,2010,0.621
2014,Niger,2010,0.318
2015,Nigeria,2010,0.484
2016,Norway,2010,0.9420000000000001
2017,Oman,2010,0.7929999999999999
2018,Pakistan,2010,0.526
2019,Palau,2010,0.769
2020,"Palestine, State of",2010,0.672
2021,Panama,2010,0.758
2022,Papua New Guinea,2010,0.52
2023,Paraguay,2010,0.675
2024,Peru,2010,0.7170000000000001
2025,Philippines,2010,0.665
2026,Poland,2010,0.835
2027,Portugal,2010,0.8220000000000001
2028,Qatar,2010,0.825
2029,Romania,2010,0.797
2030,Russian Federation,2010,0.78
2031,Rwanda,2010,0.485
2032,Saint Kitts and Nevis,2010,0.745
2033,Saint Lucia,2010,0.731
2034,Saint Vincent and the Grenadines,2010,0.715
2035,Samoa,2010,0.693
2036,Sao Tome and Principe,2010,0.542
2037,Saudi Arabia,2010,0.8079999999999999
2038,Senegal,2010,0.456
2039,Serbia,2010,0.759
2040,Seychelles,2010,0.747
2041,Sierra Leone,2010,0.385
2042,Singapore,2010,0.909
2043,Slovakia,2010,0.8290000000000001
2044,Slovenia,2010,0.882
2045,Solomon Islands,2010,0.507
2046,South Africa,2010,0.649
2047,South Sudan,2010,0.413
2048,Spain,2010,0.865
2049,Sri Lanka,2010,0.745
2050,Sudan,2010,0.47
2051,Suriname,2010,0.703
2052,Sweden,2010,0.905
2053,Switzerland,2010,0.932
2054,Syrian Arab Republic,2010,0.644
2055,Tajikistan,2010,0.634
2056,Tanzania (United Republic of),2010,0.493
2057,Thailand,2010,0.7240000000000001
2058,The former Yugoslav Republic of Macedonia,2010,0.735
2059,Timor-Leste,2010,0.619
2060,Togo,2010,0.456
2061,Tonga,2010,0.7120000000000001
2062,Trinidad and Tobago,2010,0.775
2063,Tunisia,2010,0.716
2064,Turkey,2010,0.7340000000000001
2065,Turkmenistan,2010,0.6729999999999999
2066,Uganda,2010,0.486
2067,Ukraine,2010,0.733
2068,United Arab Emirates,2010,0.836
2069,United Kingdom,2010,0.905
2070,United States,2010,0.914
2071,Uruguay,2010,0.773
2072,Uzbekistan,2010,0.6659999999999999
2073,Vanuatu,2010,0.591
2074,Venezuela (Bolivarian Republic of),2010,0.759
2075,Viet Nam,2010,0.654
2076,Yemen,2010,0.498
2077,Zambia,2010,0.544
2078,Zimbabwe,2010,0.467
2079,Afghanistan,2011,0.47100000000000003
2080,Albania,2011,0.752
2081,Algeria,2011,0.736
2082,Andorra,2011,0.8270000000000001
2083,Angola,2011,0.535
2084,Antigua and Barbuda,2011,0.762
2085,Argentina,2011,0.8190000000000001
2086,Armenia,2011,0.731
2087,Australia,2011,0.925
2088,Austria,2011,0.897
2089,Azerbaijan,2011,0.741
2090,Bahamas,2011,0.7929999999999999
2091,Bahrain,2011,0.7979999999999999
2092,Bangladesh,2011,0.557
2093,Barbados,2011,0.787
2094,Belarus,2011,0.7979999999999999
2095,Belgium,2011,0.904
2096,Belize,2011,0.7020000000000001
2097,Benin,2011,0.479
2098,Bhutan,2011,0.575
2099,Bolivia (Plurinational State of),2011,0.655
2100,Bosnia and Herzegovina,2011,0.721
2101,Botswana,2011,0.6729999999999999
2102,Brazil,2011,0.731
2103,Brunei Darussalam,2011,0.846
2104,Bulgaria,2011,0.782
2105,Burkina Faso,2011,0.385
2106,Burundi,2011,0.40299999999999997
2107,Cabo Verde,2011,0.635
2108,Cambodia,2011,0.546
2109,Cameroon,2011,0.515
2110,Canada,2011,0.905
2111,Central African Republic,2011,0.358
2112,Chad,2011,0.382
2113,Chile,2011,0.8140000000000001
2114,China,2011,0.7140000000000001
2115,Colombia,2011,0.725
2116,Comoros,2011,0.48700000000000004
2117,Congo,2011,0.56
2118,Congo (Democratic Republic of the),2011,0.415
2119,Costa Rica,2011,0.76
2120,Croatia,2011,0.815
2121,Cuba,2011,0.778
2122,Cyprus,2011,0.853
2123,Czechia,2011,0.865
2124,Côte d'Ivoire,2011,0.445
2125,Denmark,2011,0.922
2126,Djibouti,2011,0.45399999999999996
2127,Dominica,2011,0.722
2128,Dominican Republic,2011,0.706
2129,Ecuador,2011,0.721
2130,Egypt,2011,0.6679999999999999
2131,El Salvador,2011,0.6659999999999999
2132,Equatorial Guinea,2011,0.584
2133,Eritrea,2011,0.41700000000000004
2134,Estonia,2011,0.853
2135,Eswatini (Kingdom of),2011,0.55
2136,Ethiopia,2011,0.423
2137,Fiji,2011,0.7170000000000001
2138,Finland,2011,0.907
2139,France,2011,0.884
2140,Gabon,2011,0.67
2141,Gambia,2011,0.44
2142,Georgia,2011,0.741
2143,Germany,2011,0.9259999999999999
2144,Ghana,2011,0.563
2145,Greece,2011,0.852
2146,Grenada,2011,0.747
2147,Guatemala,2011,0.619
2148,Guinea,2011,0.418
2149,Guinea-Bissau,2011,0.435
2150,Guyana,2011,0.639
2151,Haiti,2011,0.47700000000000004
2152,Honduras,2011,0.598
2153,"Hong Kong, China (SAR)",2011,0.904
2154,Hungary,2011,0.8270000000000001
2155,Iceland,2011,0.9009999999999999
2156,India,2011,0.591
2157,Indonesia,2011,0.669
2158,Iran (Islamic Republic of),2011,0.7659999999999999
2159,Iraq,2011,0.6559999999999999
2160,Ireland,2011,0.895
2161,Israel,2011,0.892
2162,Italy,2011,0.875
2163,Jamaica,2011,0.715
2164,Japan,2011,0.89
2165,Jordan,2011,0.726
2166,Kazakhstan,2011,0.772
2167,Kenya,2011,0.552
2168,Kiribati,2011,0.59
2169,Korea (Republic of),2011,0.888
2170,Kuwait,2011,0.794
2171,Kyrgyzstan,2011,0.639
2172,Lao People's Democratic Republic,2011,0.5579999999999999
2173,Latvia,2011,0.821
2174,Lebanon,2011,0.76
2175,Lesotho,2011,0.498
2176,Liberia,2011,0.41700000000000004
2177,Libya,2011,0.7070000000000001
2178,Liechtenstein,2011,0.909
2179,Lithuania,2011,0.828
2180,Luxembourg,2011,0.892
2181,Madagascar,2011,0.504
2182,Malawi,2011,0.45
2183,Malaysia,2011,0.778
2184,Maldives,2011,0.682
2185,Mali,2011,0.408
2186,Malta,2011,0.843
2187,Marshall Islands,2011,
2188,Mauritania,2011,0.49
2189,Mauritius,2011,0.758
2190,Mexico,2011,0.7509999999999999
2191,Micronesia (Federated States of),2011,0.613
2192,Moldova (Republic of),2011,0.677
2193,Mongolia,2011,0.711
2194,Montenegro,2011,0.7979999999999999
2195,Morocco,2011,0.626
2196,Mozambique,2011,0.40700000000000003
2197,Myanmar,2011,0.54
2198,Namibia,2011,0.607
2199,Nepal,2011,0.535
2200,Netherlands,2011,0.9209999999999999
2201,New Zealand,2011,0.902
2202,Nicaragua,2011,0.627
2203,Niger,2011,0.325
2204,Nigeria,2011,0.494
2205,Norway,2011,0.943
2206,Oman,2011,0.795
2207,Pakistan,2011,0.53
2208,Palau,2011,0.775
2209,"Palestine, State of",2011,0.677
2210,Panama,2011,0.764
2211,Papua New Guinea,2011,0.529
2212,Paraguay,2011,0.68
2213,Peru,2011,0.7290000000000001
2214,Philippines,2011,0.67
2215,Poland,2011,0.8390000000000001
2216,Portugal,2011,0.826
2217,Qatar,2011,0.836
2218,Romania,2011,0.7979999999999999
2219,Russian Federation,2011,0.789
2220,Rwanda,2011,0.493
2221,Saint Kitts and Nevis,2011,0.7509999999999999
2222,Saint Lucia,2011,0.7340000000000001
2223,Saint Vincent and the Grenadines,2011,0.7170000000000001
2224,Samoa,2011,0.6970000000000001
2225,Sao Tome and Principe,2011,0.5479999999999999
2226,Saudi Arabia,2011,0.823
2227,Senegal,2011,0.467
2228,Serbia,2011,0.769
2229,Seychelles,2011,0.741
2230,Sierra Leone,2011,0.392
2231,Singapore,2011,0.914
2232,Slovakia,2011,0.8370000000000001
2233,Slovenia,2011,0.884
2234,Solomon Islands,2011,0.514
2235,South Africa,2011,0.657
2236,South Sudan,2011,0.41600000000000004
2237,Spain,2011,0.87
2238,Sri Lanka,2011,0.7509999999999999
2239,Sudan,2011,0.474
2240,Suriname,2011,0.706
2241,Sweden,2011,0.9059999999999999
2242,Switzerland,2011,0.932
2243,Syrian Arab Republic,2011,0.642
2244,Tajikistan,2011,0.637
2245,Tanzania (United Republic of),2011,0.499
2246,Thailand,2011,0.727
2247,The former Yugoslav Republic of Macedonia,2011,0.738
2248,Timor-Leste,2011,0.624
2249,Togo,2011,0.46299999999999997
2250,Tonga,2011,0.716
2251,Trinidad and Tobago,2011,0.773
2252,Tunisia,2011,0.718
2253,Turkey,2011,0.753
2254,Turkmenistan,2011,0.68
2255,Uganda,2011,0.49
2256,Ukraine,2011,0.738
2257,United Arab Emirates,2011,0.841
2258,United Kingdom,2011,0.899
2259,United States,2011,0.917
2260,Uruguay,2011,0.782
2261,Uzbekistan,2011,0.674
2262,Vanuatu,2011,0.5920000000000001
2263,Venezuela (Bolivarian Republic of),2011,0.7709999999999999
2264,Viet Nam,2011,0.664
2265,Yemen,2011,0.499
2266,Zambia,2011,0.556
2267,Zimbabwe,2011,0.478
2268,Afghanistan,2012,0.48200000000000004
2269,Albania,2012,0.767
2270,Algeria,2012,0.74
2271,Andorra,2012,0.8490000000000001
2272,Angola,2012,0.5429999999999999
2273,Antigua and Barbuda,2012,0.765
2274,Argentina,2012,0.818
2275,Armenia,2012,0.737
2276,Australia,2012,0.929
2277,Austria,2012,0.899
2278,Azerbaijan,2012,0.745
2279,Bahamas,2012,0.807
2280,Bahrain,2012,0.8
2281,Bangladesh,2012,0.5670000000000001
2282,Barbados,2012,0.795
2283,Belarus,2012,0.8029999999999999
2284,Belgium,2012,0.905
2285,Belize,2012,0.706
2286,Benin,2012,0.489
2287,Bhutan,2012,0.585
2288,Bolivia (Plurinational State of),2012,0.662
2289,Bosnia and Herzegovina,2012,0.7390000000000001
2290,Botswana,2012,0.6829999999999999
2291,Brazil,2012,0.736
2292,Brunei Darussalam,2012,0.852
2293,Bulgaria,2012,0.7859999999999999
2294,Burkina Faso,2012,0.39399999999999996
2295,Burundi,2012,0.408
2296,Cabo Verde,2012,0.636
2297,Cambodia,2012,0.5529999999999999
2298,Cameroon,2012,0.526
2299,Canada,2012,0.9079999999999999
2300,Central African Republic,2012,0.365
2301,Chad,2012,0.391
2302,Chile,2012,0.8190000000000001
2303,China,2012,0.722
2304,Colombia,2012,0.725
2305,Comoros,2012,0.493
2306,Congo,2012,0.573
2307,Congo (Democratic Republic of the),2012,0.42
2308,Costa Rica,2012,0.772
2309,Croatia,2012,0.816
2310,Cuba,2012,0.767
2311,Cyprus,2012,0.852
2312,Czechia,2012,0.865
2313,Côte d'Ivoire,2012,0.45399999999999996
2314,Denmark,2012,0.924
2315,Djibouti,2012,0.45899999999999996
2316,Dominica,2012,0.721
2317,Dominican Republic,2012,0.71
2318,Ecuador,2012,0.726
2319,Egypt,2012,0.675
2320,El Salvador,2012,0.67
2321,Equatorial Guinea,2012,0.589
2322,Eritrea,2012,0.42200000000000004
2323,Estonia,2012,0.8590000000000001
2324,Eswatini (Kingdom of),2012,0.561
2325,Ethiopia,2012,0.43
2326,Fiji,2012,0.7190000000000001
2327,Finland,2012,0.9079999999999999
2328,France,2012,0.8859999999999999
2329,Gabon,2012,0.6779999999999999
2330,Gambia,2012,0.445
2331,Georgia,2012,0.75
2332,Germany,2012,0.9279999999999999
2333,Ghana,2012,0.57
2334,Greece,2012,0.8540000000000001
2335,Grenada,2012,0.7490000000000001
2336,Guatemala,2012,0.613
2337,Guinea,2012,0.428
2338,Guinea-Bissau,2012,0.43700000000000006
2339,Guyana,2012,0.642
2340,Haiti,2012,0.48100000000000004
2341,Honduras,2012,0.597
2342,"Hong Kong, China (SAR)",2012,0.9109999999999999
2343,Hungary,2012,0.83
2344,Iceland,2012,0.909
2345,India,2012,0.6
2346,Indonesia,2012,0.675
2347,Iran (Islamic Republic of),2012,0.7809999999999999
2348,Iraq,2012,0.659
2349,Ireland,2012,0.902
2350,Israel,2012,0.893
2351,Italy,2012,0.8740000000000001
2352,Jamaica,2012,0.721
2353,Japan,2012,0.895
2354,Jordan,2012,0.726
2355,Kazakhstan,2012,0.7809999999999999
2356,Kenya,2012,0.5589999999999999
2357,Kiribati,2012,0.598
2358,Korea (Republic of),2012,0.89
2359,Kuwait,2012,0.7959999999999999
2360,Kyrgyzstan,2012,0.649
2361,Lao People's Democratic Republic,2012,0.569
2362,Latvia,2012,0.8240000000000001
2363,Lebanon,2012,0.7509999999999999
2364,Lesotho,2012,0.505
2365,Liberia,2012,0.42
2366,Libya,2012,0.741
2367,Liechtenstein,2012,0.9129999999999999
2368,Lithuania,2012,0.831
2369,Luxembourg,2012,0.892
2370,Madagascar,2012,0.507
2371,Malawi,2012,0.455
2372,Malaysia,2012,0.7809999999999999
2373,Maldives,2012,0.688
2374,Mali,2012,0.408
2375,Malta,2012,0.8490000000000001
2376,Marshall Islands,2012,
2377,Mauritania,2012,0.499
2378,Mauritius,2012,0.767
2379,Mexico,2012,0.757
2380,Micronesia (Federated States of),2012,0.616
2381,Moldova (Republic of),2012,0.684
2382,Mongolia,2012,0.72
2383,Montenegro,2012,0.8
2384,Morocco,2012,0.635
2385,Mozambique,2012,0.41200000000000003
2386,Myanmar,2012,0.5489999999999999
2387,Namibia,2012,0.617
2388,Nepal,2012,0.5479999999999999
2389,Netherlands,2012,0.9209999999999999
2390,New Zealand,2012,0.905
2391,Nicaragua,2012,0.633
2392,Niger,2012,0.336
2393,Nigeria,2012,0.512
2394,Norway,2012,0.9420000000000001
2395,Oman,2012,0.804
2396,Pakistan,2012,0.535
2397,Palau,2012,0.778
2398,"Palestine, State of",2012,0.687
2399,Panama,2012,0.7709999999999999
2400,Papua New Guinea,2012,0.53
2401,Paraguay,2012,0.68
2402,Peru,2012,0.7290000000000001
2403,Philippines,2012,0.677
2404,Poland,2012,0.836
2405,Portugal,2012,0.8290000000000001
2406,Qatar,2012,0.8440000000000001
2407,Romania,2012,0.795
2408,Russian Federation,2012,0.7979999999999999
2409,Rwanda,2012,0.5
2410,Saint Kitts and Nevis,2012,0.7559999999999999
2411,Saint Lucia,2012,0.73
2412,Saint Vincent and the Grenadines,2012,0.718
2413,Samoa,2012,0.6970000000000001
2414,Sao Tome and Principe,2012,0.551
2415,Saudi Arabia,2012,0.835
2416,Senegal,2012,0.47600000000000003
2417,Serbia,2012,0.768
2418,Seychelles,2012,0.77
2419,Sierra Leone,2012,0.40700000000000003
2420,Singapore,2012,0.92
2421,Slovakia,2012,0.8420000000000001
2422,Slovenia,2012,0.877
2423,Solomon Islands,2012,0.529
2424,South Africa,2012,0.664
2425,South Sudan,2012,0.38799999999999996
2426,Spain,2012,0.873
2427,Sri Lanka,2012,0.757
2428,Sudan,2012,0.485
2429,Suriname,2012,0.711
2430,Sweden,2012,0.9079999999999999
2431,Switzerland,2012,0.935
2432,Syrian Arab Republic,2012,0.631
2433,Tajikistan,2012,0.642
2434,Tanzania (United Republic of),2012,0.506
2435,Thailand,2012,0.731
2436,The former Yugoslav Republic of Macedonia,2012,0.74
2437,Timor-Leste,2012,0.599
2438,Togo,2012,0.466
2439,Tonga,2012,0.7170000000000001
2440,Trinidad and Tobago,2012,0.774
2441,Tunisia,2012,0.7190000000000001
2442,Turkey,2012,0.76
2443,Turkmenistan,2012,0.6859999999999999
2444,Uganda,2012,0.49200000000000005
2445,Ukraine,2012,0.743
2446,United Arab Emirates,2012,0.846
2447,United Kingdom,2012,0.898
2448,United States,2012,0.9179999999999999
2449,Uruguay,2012,0.79
2450,Uzbekistan,2012,0.6829999999999999
2451,Vanuatu,2012,0.5920000000000001
2452,Venezuela (Bolivarian Republic of),2012,0.774
2453,Viet Nam,2012,0.67
2454,Yemen,2012,0.505
2455,Zambia,2012,0.569
2456,Zimbabwe,2012,0.505
2457,Afghanistan,2013,0.48700000000000004
2458,Albania,2013,0.7709999999999999
2459,Algeria,2013,0.745
2460,Andorra,2013,0.85
2461,Angola,2013,0.5539999999999999
2462,Antigua and Barbuda,2013,0.768
2463,Argentina,2013,0.82
2464,Armenia,2013,0.742
2465,Australia,2013,0.9309999999999999
2466,Austria,2013,0.897
2467,Azerbaijan,2013,0.752
2468,Bahamas,2013,0.807
2469,Bahrain,2013,0.807
2470,Bangladesh,2013,0.575
2471,Barbados,2013,0.7959999999999999
2472,Belarus,2013,0.804
2473,Belgium,2013,0.9079999999999999
2474,Belize,2013,0.705
2475,Benin,2013,0.5
2476,Bhutan,2013,0.589
2477,Bolivia (Plurinational State of),2013,0.6679999999999999
2478,Bosnia and Herzegovina,2013,0.747
2479,Botswana,2013,0.693
2480,Brazil,2013,0.748
2481,Brunei Darussalam,2013,0.853
2482,Bulgaria,2013,0.792
2483,Burkina Faso,2013,0.401
2484,Burundi,2013,0.414
2485,Cabo Verde,2013,0.642
2486,Cambodia,2013,0.56
2487,Cameroon,2013,0.535
2488,Canada,2013,0.9109999999999999
2489,Central African Republic,2013,0.344
2490,Chad,2013,0.397
2491,Chile,2013,0.828
2492,China,2013,0.7290000000000001
2493,Colombia,2013,0.735
2494,Comoros,2013,0.499
2495,Congo,2013,0.5820000000000001
2496,Congo (Democratic Republic of the),2013,0.426
2497,Costa Rica,2013,0.7759999999999999
2498,Croatia,2013,0.821
2499,Cuba,2013,0.765
2500,Cyprus,2013,0.853
2501,Czechia,2013,0.8740000000000001
2502,Côte d'Ivoire,2013,0.462
2503,Denmark,2013,0.9309999999999999
2504,Djibouti,2013,0.46299999999999997
2505,Dominica,2013,0.721
2506,Dominican Republic,2013,0.713
2507,Ecuador,2013,0.7340000000000001
2508,Egypt,2013,0.68
2509,El Salvador,2013,0.6709999999999999
2510,Equatorial Guinea,2013,0.59
2511,Eritrea,2013,0.425
2512,Estonia,2013,0.862
2513,Eswatini (Kingdom of),2013,0.5720000000000001
2514,Ethiopia,2013,0.43799999999999994
2515,Fiji,2013,0.727
2516,Finland,2013,0.912
2517,France,2013,0.889
2518,Gabon,2013,0.687
2519,Gambia,2013,0.45299999999999996
2520,Georgia,2013,0.757
2521,Germany,2013,0.9279999999999999
2522,Ghana,2013,0.5770000000000001
2523,Greece,2013,0.856
2524,Grenada,2013,0.754
2525,Guatemala,2013,0.616
2526,Guinea,2013,0.435
2527,Guinea-Bissau,2013,0.44
2528,Guyana,2013,0.645
2529,Haiti,2013,0.486
2530,Honduras,2013,0.6
2531,"Hong Kong, China (SAR)",2013,0.915
2532,Hungary,2013,0.835
2533,Iceland,2013,0.92
2534,India,2013,0.607
2535,Indonesia,2013,0.6809999999999999
2536,Iran (Islamic Republic of),2013,0.784
2537,Iraq,2013,0.6659999999999999
2538,Ireland,2013,0.9109999999999999
2539,Israel,2013,0.895
2540,Italy,2013,0.8759999999999999
2541,Jamaica,2013,0.726
2542,Japan,2013,0.899
2543,Jordan,2013,0.727
2544,Kazakhstan,2013,0.7879999999999999
2545,Kenya,2013,0.5660000000000001
2546,Kiribati,2013,0.609
2547,Korea (Republic of),2013,0.893
2548,Kuwait,2013,0.795
2549,Kyrgyzstan,2013,0.6579999999999999
2550,Lao People's Democratic Republic,2013,0.579
2551,Latvia,2013,0.833
2552,Lebanon,2013,0.7509999999999999
2553,Lesotho,2013,0.505
2554,Liberia,2013,0.429
2555,Libya,2013,0.7070000000000001
2556,Liechtenstein,2013,0.912
2557,Lithuania,2013,0.836
2558,Luxembourg,2013,0.892
2559,Madagascar,2013,0.509
2560,Malawi,2013,0.461
2561,Malaysia,2013,0.785
2562,Maldives,2013,0.696
2563,Mali,2013,0.408
2564,Malta,2013,0.856
2565,Marshall Islands,2013,
2566,Mauritania,2013,0.508
2567,Mauritius,2013,0.772
2568,Mexico,2013,0.7559999999999999
2569,Micronesia (Federated States of),2013,0.619
2570,Moldova (Republic of),2013,0.693
2571,Mongolia,2013,0.7290000000000001
2572,Montenegro,2013,0.8029999999999999
2573,Morocco,2013,0.645
2574,Mozambique,2013,0.423
2575,Myanmar,2013,0.5579999999999999
2576,Namibia,2013,0.628
2577,Nepal,2013,0.5539999999999999
2578,Netherlands,2013,0.9229999999999999
2579,New Zealand,2013,0.907
2580,Nicaragua,2013,0.639
2581,Niger,2013,0.34
2582,Nigeria,2013,0.519
2583,Norway,2013,0.946
2584,Oman,2013,0.812
2585,Pakistan,2013,0.5379999999999999
2586,Palau,2013,0.78
2587,"Palestine, State of",2013,0.679
2588,Panama,2013,0.7759999999999999
2589,Papua New Guinea,2013,0.534
2590,Paraguay,2013,0.695
2591,Peru,2013,0.736
2592,Philippines,2013,0.685
2593,Poland,2013,0.85
2594,Portugal,2013,0.8370000000000001
2595,Qatar,2013,0.8540000000000001
2596,Romania,2013,0.8
2597,Russian Federation,2013,0.804
2598,Rwanda,2013,0.503
2599,Saint Kitts and Nevis,2013,0.763
2600,Saint Lucia,2013,0.733
2601,Saint Vincent and the Grenadines,2013,0.721
2602,Samoa,2013,0.7
2603,Sao Tome and Principe,2013,0.56
2604,Saudi Arabia,2013,0.8440000000000001
2605,Senegal,2013,0.48100000000000004
2606,Serbia,2013,0.7709999999999999
2607,Seychelles,2013,0.779
2608,Sierra Leone,2013,0.419
2609,Singapore,2013,0.9229999999999999
2610,Slovakia,2013,0.8440000000000001
2611,Slovenia,2013,0.885
2612,Solomon Islands,2013,0.539
2613,South Africa,2013,0.675
2614,South Sudan,2013,0.392
2615,Spain,2013,0.875
2616,Sri Lanka,2013,0.759
2617,Sudan,2013,0.475
2618,Suriname,2013,0.715
2619,Sweden,2013,0.912
2620,Switzerland,2013,0.938
2621,Syrian Arab Republic,2013,0.5720000000000001
2622,Tajikistan,2013,0.6459999999999999
2623,Tanzania (United Republic of),2013,0.507
2624,Thailand,2013,0.728
2625,The former Yugoslav Republic of Macedonia,2013,0.743
2626,Timor-Leste,2013,0.614
2627,Togo,2013,0.47200000000000003
2628,Tonga,2013,0.716
2629,Trinidad and Tobago,2013,0.779
2630,Tunisia,2013,0.723
2631,Turkey,2013,0.7709999999999999
2632,Turkmenistan,2013,0.6920000000000001
2633,Uganda,2013,0.496
2634,Ukraine,2013,0.745
2635,United Arab Emirates,2013,0.851
2636,United Kingdom,2013,0.915
2637,United States,2013,0.9159999999999999
2638,Uruguay,2013,0.797
2639,Uzbekistan,2013,0.69
2640,Vanuatu,2013,0.597
2641,Venezuela (Bolivarian Republic of),2013,0.7759999999999999
2642,Viet Nam,2013,0.675
2643,Yemen,2013,0.507
2644,Zambia,2013,0.574
2645,Zimbabwe,2013,0.516
2646,Afghanistan,2014,0.491
2647,Albania,2014,0.773
2648,Algeria,2014,0.747
2649,Andorra,2014,0.853
2650,Angola,2014,0.564
2651,Antigua and Barbuda,2014,0.77
2652,Argentina,2014,0.82
2653,Armenia,2014,0.745
2654,Australia,2014,0.9329999999999999
2655,Austria,2014,0.9009999999999999
2656,Azerbaijan,2014,0.758
2657,Bahamas,2014,0.807
2658,Bahrain,2014,0.81
2659,Bangladesh,2014,0.583
2660,Barbados,2014,0.7959999999999999
2661,Belarus,2014,0.807
2662,Belgium,2014,0.909
2663,Belize,2014,0.706
2664,Benin,2014,0.505
2665,Bhutan,2014,0.599
2666,Bolivia (Plurinational State of),2014,0.675
2667,Bosnia and Herzegovina,2014,0.754
2668,Botswana,2014,0.701
2669,Brazil,2014,0.752
2670,Brunei Darussalam,2014,0.853
2671,Bulgaria,2014,0.797
2672,Burkina Faso,2014,0.405
2673,Burundi,2014,0.42100000000000004
2674,Cabo Verde,2014,0.644
2675,Cambodia,2014,0.5660000000000001
2676,Cameroon,2014,0.5429999999999999
2677,Canada,2014,0.9179999999999999
2678,Central African Republic,2014,0.349
2679,Chad,2014,0.40299999999999997
2680,Chile,2014,0.833
2681,China,2014,0.738
2682,Colombia,2014,0.738
2683,Comoros,2014,0.501
2684,Congo,2014,0.595
2685,Congo (Democratic Republic of the),2014,0.436
2686,Costa Rica,2014,0.78
2687,Croatia,2014,0.8240000000000001
2688,Cuba,2014,0.768
2689,Cyprus,2014,0.856
2690,Czechia,2014,0.879
2691,Côte d'Ivoire,2014,0.465
2692,Denmark,2014,0.9279999999999999
2693,Djibouti,2014,0.467
2694,Dominica,2014,0.7240000000000001
2695,Dominican Republic,2014,0.718
2696,Ecuador,2014,0.742
2697,Egypt,2014,0.6829999999999999
2698,El Salvador,2014,0.67
2699,Equatorial Guinea,2014,0.59
2700,Eritrea,2014,0.428
2701,Estonia,2014,0.8640000000000001
2702,Eswatini (Kingdom of),2014,0.58
2703,Ethiopia,2014,0.445
2704,Fiji,2014,0.73
2705,Finland,2014,0.914
2706,France,2014,0.894
2707,Gabon,2014,0.693
2708,Gambia,2014,0.45399999999999996
2709,Georgia,2014,0.765
2710,Germany,2014,0.93
2711,Ghana,2014,0.5760000000000001
2712,Greece,2014,0.8640000000000001
2713,Grenada,2014,0.7609999999999999
2714,Guatemala,2014,0.643
2715,Guinea,2014,0.44
2716,Guinea-Bissau,2014,0.445
2717,Guyana,2014,0.648
2718,Haiti,2014,0.49
2719,Honduras,2014,0.603
2720,"Hong Kong, China (SAR)",2014,0.9229999999999999
2721,Hungary,2014,0.833
2722,Iceland,2014,0.925
2723,India,2014,0.618
2724,Indonesia,2014,0.6829999999999999
2725,Iran (Islamic Republic of),2014,0.7879999999999999
2726,Iraq,2014,0.6659999999999999
2727,Ireland,2014,0.9209999999999999
2728,Israel,2014,0.899
2729,Italy,2014,0.8740000000000001
2730,Jamaica,2014,0.728
2731,Japan,2014,0.903
2732,Jordan,2014,0.73
2733,Kazakhstan,2014,0.7929999999999999
2734,Kenya,2014,0.5720000000000001
2735,Kiribati,2014,0.616
2736,Korea (Republic of),2014,0.8959999999999999
2737,Kuwait,2014,0.799
2738,Kyrgyzstan,2014,0.6629999999999999
2739,Lao People's Democratic Republic,2014,0.586
2740,Latvia,2014,0.838
2741,Lebanon,2014,0.7509999999999999
2742,Lesotho,2014,0.509
2743,Liberia,2014,0.431
2744,Libya,2014,0.695
2745,Liechtenstein,2014,0.9109999999999999
2746,Lithuania,2014,0.851
2747,Luxembourg,2014,0.895
2748,Madagascar,2014,0.512
2749,Malawi,2014,0.46799999999999997
2750,Malaysia,2014,0.79
2751,Maldives,2014,0.705
2752,Mali,2014,0.414
2753,Malta,2014,0.862
2754,Marshall Islands,2014,
2755,Mauritania,2014,0.514
2756,Mauritius,2014,0.782
2757,Mexico,2014,0.7609999999999999
2758,Micronesia (Federated States of),2014,0.618
2759,Moldova (Republic of),2014,0.696
2760,Mongolia,2014,0.7340000000000001
2761,Montenegro,2014,0.805
2762,Morocco,2014,0.65
2763,Mozambique,2014,0.42700000000000005
2764,Myanmar,2014,0.564
2765,Namibia,2014,0.636
2766,Nepal,2014,0.56
2767,Netherlands,2014,0.924
2768,New Zealand,2014,0.91
2769,Nicaragua,2014,0.649
2770,Niger,2014,0.345
2771,Nigeria,2014,0.524
2772,Norway,2014,0.946
2773,Oman,2014,0.815
2774,Pakistan,2014,0.5479999999999999
2775,Palau,2014,0.7859999999999999
2776,"Palestine, State of",2014,0.679
2777,Panama,2014,0.7809999999999999
2778,Papua New Guinea,2014,0.536
2779,Paraguay,2014,0.698
2780,Peru,2014,0.746
2781,Philippines,2014,0.6890000000000001
2782,Poland,2014,0.8420000000000001
2783,Portugal,2014,0.8390000000000001
2784,Qatar,2014,0.853
2785,Romania,2014,0.802
2786,Russian Federation,2014,0.807
2787,Rwanda,2014,0.509
2788,Saint Kitts and Nevis,2014,0.77
2789,Saint Lucia,2014,0.737
2790,Saint Vincent and the Grenadines,2014,0.72
2791,Samoa,2014,0.703
2792,Sao Tome and Principe,2014,0.5670000000000001
2793,Saudi Arabia,2014,0.852
2794,Senegal,2014,0.486
2795,Serbia,2014,0.775
2796,Seychelles,2014,0.7859999999999999
2797,Sierra Leone,2014,0.423
2798,Singapore,2014,0.9279999999999999
2799,Slovakia,2014,0.845
2800,Slovenia,2014,0.887
2801,Solomon Islands,2014,0.539
2802,South Africa,2014,0.685
2803,South Sudan,2014,0.397
2804,Spain,2014,0.88
2805,Sri Lanka,2014,0.763
2806,Sudan,2014,0.49200000000000005
2807,Suriname,2014,0.718
2808,Sweden,2014,0.92
2809,Switzerland,2014,0.9390000000000001
2810,Syrian Arab Republic,2014,0.55
2811,Tajikistan,2014,0.645
2812,Tanzania (United Republic of),2014,0.515
2813,Thailand,2014,0.735
2814,The former Yugoslav Republic of Macedonia,2014,0.747
2815,Timor-Leste,2014,0.61
2816,Togo,2014,0.48100000000000004
2817,Tonga,2014,0.7170000000000001
2818,Trinidad and Tobago,2014,0.779
2819,Tunisia,2014,0.725
2820,Turkey,2014,0.778
2821,Turkmenistan,2014,0.6970000000000001
2822,Uganda,2014,0.5
2823,Ukraine,2014,0.748
2824,United Arab Emirates,2014,0.855
2825,United Kingdom,2014,0.919
2826,United States,2014,0.9179999999999999
2827,Uruguay,2014,0.8009999999999999
2828,Uzbekistan,2014,0.695
2829,Vanuatu,2014,0.598
2830,Venezuela (Bolivarian Republic of),2014,0.778
2831,Viet Nam,2014,0.6779999999999999
2832,Yemen,2014,0.505
2833,Zambia,2014,0.58
2834,Zimbabwe,2014,0.525
2835,Afghanistan,2015,0.493
2836,Albania,2015,0.7759999999999999
2837,Algeria,2015,0.7490000000000001
2838,Andorra,2015,0.8540000000000001
2839,Angola,2015,0.5720000000000001
2840,Antigua and Barbuda,2015,0.775
2841,Argentina,2015,0.8220000000000001
2842,Armenia,2015,0.748
2843,Australia,2015,0.9359999999999999
2844,Austria,2015,0.903
2845,Azerbaijan,2015,0.758
2846,Bahamas,2015,0.807
2847,Bahrain,2015,0.8320000000000001
2848,Bangladesh,2015,0.5920000000000001
2849,Barbados,2015,0.797
2850,Belarus,2015,0.805
2851,Belgium,2015,0.9129999999999999
2852,Belize,2015,0.7090000000000001
2853,Benin,2015,0.508
2854,Bhutan,2015,0.603
2855,Bolivia (Plurinational State of),2015,0.6809999999999999
2856,Bosnia and Herzegovina,2015,0.755
2857,Botswana,2015,0.706
2858,Brazil,2015,0.757
2859,Brunei Darussalam,2015,0.852
2860,Bulgaria,2015,0.807
2861,Burkina Faso,2015,0.41200000000000003
2862,Burundi,2015,0.418
2863,Cabo Verde,2015,0.647
2864,Cambodia,2015,0.5710000000000001
2865,Cameroon,2015,0.5479999999999999
2866,Canada,2015,0.92
2867,Central African Republic,2015,0.35700000000000004
2868,Chad,2015,0.40700000000000003
2869,Chile,2015,0.84
2870,China,2015,0.743
2871,Colombia,2015,0.742
2872,Comoros,2015,0.502
2873,Congo,2015,0.613
2874,Congo (Democratic Republic of the),2015,0.444
2875,Costa Rica,2015,0.7879999999999999
2876,Croatia,2015,0.8270000000000001
2877,Cuba,2015,0.772
2878,Cyprus,2015,0.86
2879,Czechia,2015,0.882
2880,Côte d'Ivoire,2015,0.478
2881,Denmark,2015,0.9259999999999999
2882,Djibouti,2015,0.47
2883,Dominica,2015,0.721
2884,Dominican Republic,2015,0.7290000000000001
2885,Ecuador,2015,0.743
2886,Egypt,2015,0.691
2887,El Salvador,2015,0.674
2888,Equatorial Guinea,2015,0.593
2889,Eritrea,2015,0.433
2890,Estonia,2015,0.866
2891,Eswatini (Kingdom of),2015,0.584
2892,Ethiopia,2015,0.451
2893,Fiji,2015,0.738
2894,Finland,2015,0.915
2895,France,2015,0.898
2896,Gabon,2015,0.6940000000000001
2897,Gambia,2015,0.457
2898,Georgia,2015,0.7709999999999999
2899,Germany,2015,0.9329999999999999
2900,Ghana,2015,0.585
2901,Greece,2015,0.866
2902,Grenada,2015,0.767
2903,Guatemala,2015,0.645
2904,Guinea,2015,0.44299999999999995
2905,Guinea-Bissau,2015,0.449
2906,Guyana,2015,0.6509999999999999
2907,Haiti,2015,0.493
2908,Honduras,2015,0.609
2909,"Hong Kong, China (SAR)",2015,0.927
2910,Hungary,2015,0.8340000000000001
2911,Iceland,2015,0.927
2912,India,2015,0.627
2913,Indonesia,2015,0.6859999999999999
2914,Iran (Islamic Republic of),2015,0.789
2915,Iraq,2015,0.6679999999999999
2916,Ireland,2015,0.929
2917,Israel,2015,0.9009999999999999
2918,Italy,2015,0.8759999999999999
2919,Jamaica,2015,0.73
2920,Japan,2015,0.905
2921,Jordan,2015,0.733
2922,Kazakhstan,2015,0.797
2923,Kenya,2015,0.578
2924,Kiribati,2015,0.621
2925,Korea (Republic of),2015,0.898
2926,Kuwait,2015,0.802
2927,Kyrgyzstan,2015,0.6659999999999999
2928,Lao People's Democratic Republic,2015,0.593
2929,Latvia,2015,0.841
2930,Lebanon,2015,0.752
2931,Lesotho,2015,0.511
2932,Liberia,2015,0.43200000000000005
2933,Libya,2015,0.6940000000000001
2934,Liechtenstein,2015,0.912
2935,Lithuania,2015,0.852
2936,Luxembourg,2015,0.899
2937,Madagascar,2015,0.514
2938,Malawi,2015,0.47
2939,Malaysia,2015,0.795
2940,Maldives,2015,0.71
2941,Mali,2015,0.418
2942,Malta,2015,0.871
2943,Marshall Islands,2015,
2944,Mauritania,2015,0.514
2945,Mauritius,2015,0.782
2946,Mexico,2015,0.767
2947,Micronesia (Federated States of),2015,0.627
2948,Moldova (Republic of),2015,0.693
2949,Mongolia,2015,0.737
2950,Montenegro,2015,0.809
2951,Morocco,2015,0.655
2952,Mozambique,2015,0.43200000000000005
2953,Myanmar,2015,0.569
2954,Namibia,2015,0.642
2955,Nepal,2015,0.5660000000000001
2956,Netherlands,2015,0.9259999999999999
2957,New Zealand,2015,0.914
2958,Nicaragua,2015,0.652
2959,Niger,2015,0.34700000000000003
2960,Nigeria,2015,0.527
2961,Norway,2015,0.948
2962,Oman,2015,0.8220000000000001
2963,Pakistan,2015,0.551
2964,Palau,2015,0.7929999999999999
2965,"Palestine, State of",2015,0.687
2966,Panama,2015,0.7809999999999999
2967,Papua New Guinea,2015,0.542
2968,Paraguay,2015,0.7020000000000001
2969,Peru,2015,0.745
2970,Philippines,2015,0.693
2971,Poland,2015,0.855
2972,Portugal,2015,0.8420000000000001
2973,Qatar,2015,0.8540000000000001
2974,Romania,2015,0.805
2975,Russian Federation,2015,0.813
2976,Rwanda,2015,0.51
2977,Saint Kitts and Nevis,2015,0.773
2978,Saint Lucia,2015,0.7440000000000001
2979,Saint Vincent and the Grenadines,2015,0.72
2980,Samoa,2015,0.706
2981,Sao Tome and Principe,2015,0.58
2982,Saudi Arabia,2015,0.8540000000000001
2983,Senegal,2015,0.49200000000000005
2984,Serbia,2015,0.78
2985,Seychelles,2015,0.7909999999999999
2986,Sierra Leone,2015,0.413
2987,Singapore,2015,0.929
2988,Slovakia,2015,0.851
2989,Slovenia,2015,0.889
2990,Solomon Islands,2015,0.546
2991,South Africa,2015,0.6920000000000001
2992,South Sudan,2015,0.39899999999999997
2993,Spain,2015,0.885
2994,Sri Lanka,2015,0.7659999999999999
2995,Sudan,2015,0.49700000000000005
2996,Suriname,2015,0.722
2997,Sweden,2015,0.929
2998,Switzerland,2015,0.9420000000000001
2999,Syrian Arab Republic,2015,0.5379999999999999
3000,Tajikistan,2015,0.645
3001,Tanzania (United Republic of),2015,0.528
3002,Thailand,2015,0.741
3003,The former Yugoslav Republic of Macedonia,2015,0.754
3004,Timor-Leste,2015,0.63
3005,Togo,2015,0.495
3006,Tonga,2015,0.721
3007,Trinidad and Tobago,2015,0.7829999999999999
3008,Tunisia,2015,0.728
3009,Turkey,2015,0.7829999999999999
3010,Turkmenistan,2015,0.701
3011,Uganda,2015,0.505
3012,Ukraine,2015,0.743
3013,United Arab Emirates,2015,0.86
3014,United Kingdom,2015,0.9179999999999999
3015,United States,2015,0.92
3016,Uruguay,2015,0.8
3017,Uzbekistan,2015,0.698
3018,Vanuatu,2015,0.599
3019,Venezuela (Bolivarian Republic of),2015,0.775
3020,Viet Nam,2015,0.684
3021,Yemen,2015,0.483
3022,Zambia,2015,0.583
3023,Zimbabwe,2015,0.529
3024,Afghanistan,2016,0.494
3025,Albania,2016,0.782
3026,Algeria,2016,0.753
3027,Andorra,2016,0.856
3028,Angola,2016,0.5770000000000001
3029,Antigua and Barbuda,2016,0.778
3030,Argentina,2016,0.8220000000000001
3031,Armenia,2016,0.7490000000000001
3032,Australia,2016,0.938
3033,Austria,2016,0.9059999999999999
3034,Azerbaijan,2016,0.757
3035,Bahamas,2016,0.8059999999999999
3036,Bahrain,2016,0.846
3037,Bangladesh,2016,0.597
3038,Barbados,2016,0.799
3039,Belarus,2016,0.805
3040,Belgium,2016,0.915
3041,Belize,2016,0.7090000000000001
3042,Benin,2016,0.512
3043,Bhutan,2016,0.609
3044,Bolivia (Plurinational State of),2016,0.6890000000000001
3045,Bosnia and Herzegovina,2016,0.7659999999999999
3046,Botswana,2016,0.7120000000000001
3047,Brazil,2016,0.758
3048,Brunei Darussalam,2016,0.852
3049,Bulgaria,2016,0.81
3050,Burkina Faso,2016,0.42
3051,Burundi,2016,0.418
3052,Cabo Verde,2016,0.652
3053,Cambodia,2016,0.5760000000000001
3054,Cameroon,2016,0.5529999999999999
3055,Canada,2016,0.922
3056,Central African Republic,2016,0.36200000000000004
3057,Chad,2016,0.405
3058,Chile,2016,0.8420000000000001
3059,China,2016,0.748
3060,Colombia,2016,0.747
3061,Comoros,2016,0.502
3062,Congo,2016,0.612
3063,Congo (Democratic Republic of the),2016,0.452
3064,Costa Rica,2016,0.7909999999999999
3065,Croatia,2016,0.828
3066,Cuba,2016,0.774
3067,Cyprus,2016,0.867
3068,Czechia,2016,0.885
3069,Côte d'Ivoire,2016,0.486
3070,Denmark,2016,0.9279999999999999
3071,Djibouti,2016,0.474
3072,Dominica,2016,0.718
3073,Dominican Republic,2016,0.733
3074,Ecuador,2016,0.7490000000000001
3075,Egypt,2016,0.6940000000000001
3076,El Salvador,2016,0.679
3077,Equatorial Guinea,2016,0.593
3078,Eritrea,2016,0.436
3079,Estonia,2016,0.868
3080,Eswatini (Kingdom of),2016,0.586
3081,Ethiopia,2016,0.457
3082,Fiji,2016,0.738
3083,Finland,2016,0.9179999999999999
3084,France,2016,0.899
3085,Gabon,2016,0.698
3086,Gambia,2016,0.457
3087,Georgia,2016,0.7759999999999999
3088,Germany,2016,0.934
3089,Ghana,2016,0.588
3090,Greece,2016,0.868
3091,Grenada,2016,0.77
3092,Guatemala,2016,0.649
3093,Guinea,2016,0.449
3094,Guinea-Bissau,2016,0.45299999999999996
3095,Guyana,2016,0.652
3096,Haiti,2016,0.496
3097,Honduras,2016,0.614
3098,"Hong Kong, China (SAR)",2016,0.93
3099,Hungary,2016,0.835
3100,Iceland,2016,0.9329999999999999
3101,India,2016,0.636
3102,Indonesia,2016,0.691
3103,Iran (Islamic Republic of),2016,0.7959999999999999
3104,Iraq,2016,0.672
3105,Ireland,2016,0.934
3106,Israel,2016,0.902
3107,Italy,2016,0.878
3108,Jamaica,2016,0.732
3109,Japan,2016,0.907
3110,Jordan,2016,0.735
3111,Kazakhstan,2016,0.797
3112,Kenya,2016,0.585
3113,Kiribati,2016,0.61
3114,Korea (Republic of),2016,0.9
3115,Kuwait,2016,0.804
3116,Kyrgyzstan,2016,0.669
3117,Lao People's Democratic Republic,2016,0.598
3118,Latvia,2016,0.8440000000000001
3119,Lebanon,2016,0.753
3120,Lesotho,2016,0.516
3121,Liberia,2016,0.43200000000000005
3122,Libya,2016,0.693
3123,Liechtenstein,2016,0.915
3124,Lithuania,2016,0.855
3125,Luxembourg,2016,0.904
3126,Madagascar,2016,0.517
3127,Malawi,2016,0.474
3128,Malaysia,2016,0.799
3129,Maldives,2016,0.7120000000000001
3130,Mali,2016,0.42100000000000004
3131,Malta,2016,0.875
3132,Marshall Islands,2016,
3133,Mauritania,2016,0.516
3134,Mauritius,2016,0.7879999999999999
3135,Mexico,2016,0.772
3136,Micronesia (Federated States of),2016,0.627
3137,Moldova (Republic of),2016,0.6970000000000001
3138,Mongolia,2016,0.743
3139,Montenegro,2016,0.81
3140,Morocco,2016,0.662
3141,Mozambique,2016,0.435
3142,Myanmar,2016,0.574
3143,Namibia,2016,0.645
3144,Nepal,2016,0.569
3145,Netherlands,2016,0.9279999999999999
3146,New Zealand,2016,0.915
3147,Nicaragua,2016,0.657
3148,Niger,2016,0.35100000000000003
3149,Nigeria,2016,0.53
3150,Norway,2016,0.951
3151,Oman,2016,0.8220000000000001
3152,Pakistan,2016,0.56
3153,Palau,2016,0.7979999999999999
3154,"Palestine, State of",2016,0.6890000000000001
3155,Panama,2016,0.785
3156,Papua New Guinea,2016,0.5429999999999999
3157,Paraguay,2016,0.7020000000000001
3158,Peru,2016,0.748
3159,Philippines,2016,0.696
3160,Poland,2016,0.86
3161,Portugal,2016,0.845
3162,Qatar,2016,0.855
3163,Romania,2016,0.807
3164,Russian Federation,2016,0.815
3165,Rwanda,2016,0.52
3166,Saint Kitts and Nevis,2016,0.774
3167,Saint Lucia,2016,0.745
3168,Saint Vincent and the Grenadines,2016,0.721
3169,Samoa,2016,0.711
3170,Sao Tome and Principe,2016,0.584
3171,Saudi Arabia,2016,0.8540000000000001
3172,Senegal,2016,0.499
3173,Serbia,2016,0.785
3174,Seychelles,2016,0.7929999999999999
3175,Sierra Leone,2016,0.413
3176,Singapore,2016,0.93
3177,Slovakia,2016,0.853
3178,Slovenia,2016,0.894
3179,Solomon Islands,2016,0.5429999999999999
3180,South Africa,2016,0.696
3181,South Sudan,2016,0.39399999999999996
3182,Spain,2016,0.889
3183,Sri Lanka,2016,0.768
3184,Sudan,2016,0.499
3185,Suriname,2016,0.7190000000000001
3186,Sweden,2016,0.932
3187,Switzerland,2016,0.943
3188,Syrian Arab Republic,2016,0.536
3189,Tajikistan,2016,0.647
3190,Tanzania (United Republic of),2016,0.5329999999999999
3191,Thailand,2016,0.748
3192,The former Yugoslav Republic of Macedonia,2016,0.7559999999999999
3193,Timor-Leste,2016,0.631
3194,Togo,2016,0.5
3195,Tonga,2016,0.7240000000000001
3196,Trinidad and Tobago,2016,0.785
3197,Tunisia,2016,0.732
3198,Turkey,2016,0.787
3199,Turkmenistan,2016,0.705
3200,Uganda,2016,0.508
3201,Ukraine,2016,0.746
3202,United Arab Emirates,2016,0.862
3203,United Kingdom,2016,0.92
3204,United States,2016,0.922
3205,Uruguay,2016,0.802
3206,Uzbekistan,2016,0.703
3207,Vanuatu,2016,0.6
3208,Venezuela (Bolivarian Republic of),2016,0.7659999999999999
3209,Viet Nam,2016,0.6890000000000001
3210,Yemen,2016,0.462
3211,Zambia,2016,0.586
3212,Zimbabwe,2016,0.532
